source	relationship	target	detail
examples/common.py	imports	__future__	python AST import
examples/common.py	imports	argparse	python AST import
examples/common.py	imports	collections.abc	python AST import
examples/common.py	imports	dataclasses	python AST import
examples/common.py	imports	importlib.util	python AST import
examples/common.py	imports	pathlib	python AST import
examples/common.py	imports	tnnx.api	python AST import
examples/common.py	imports	tnnx.config	python AST import
examples/common.py	imports	typing	python AST import
examples/flux/__init__.py	imports	.source	python AST import
examples/flux/__init__.py	imports	.transpile_and_generate_jax	python AST import
examples/flux/runtime_env.py	imports	__future__	python AST import
examples/flux/runtime_env.py	imports	collections.abc	python AST import
examples/flux/runtime_env.py	imports	huggingface_hub	python AST import
examples/flux/runtime_env.py	imports	os	python AST import
examples/flux/runtime_env.py	imports	pathlib	python AST import
examples/flux/source.py	imports	.runtime_env	python AST import
examples/flux/source.py	imports	__future__	python AST import
examples/flux/source.py	imports	collections.abc	python AST import
examples/flux/source.py	imports	dataclasses	python AST import
examples/flux/source.py	imports	diffusers	python AST import
examples/flux/source.py	imports	inspect	python AST import
examples/flux/source.py	imports	onnx	python AST import
examples/flux/source.py	imports	pathlib	python AST import
examples/flux/source.py	imports	tnnx.ingest.op_map	python AST import
examples/flux/source.py	imports	torch	python AST import
examples/flux/source.py	imports	torch.nn	python AST import
examples/flux/source.py	imports	torch.nn.functional	python AST import
examples/flux/source.py	imports	transformers	python AST import
examples/flux/source.py	imports	typing	python AST import
examples/flux/transpile_and_generate_jax.py	imports	.	python AST import
examples/flux/transpile_and_generate_jax.py	imports	.runtime_env	python AST import
examples/flux/transpile_and_generate_jax.py	imports	.source	python AST import
examples/flux/transpile_and_generate_jax.py	imports	PIL	python AST import
examples/flux/transpile_and_generate_jax.py	imports	__future__	python AST import
examples/flux/transpile_and_generate_jax.py	imports	argparse	python AST import
examples/flux/transpile_and_generate_jax.py	imports	collections.abc	python AST import
examples/flux/transpile_and_generate_jax.py	imports	examples.common	python AST import
examples/flux/transpile_and_generate_jax.py	imports	json	python AST import
examples/flux/transpile_and_generate_jax.py	imports	numpy	python AST import
examples/flux/transpile_and_generate_jax.py	imports	pathlib	python AST import
examples/flux/transpile_and_generate_jax.py	imports	tnnx.api	python AST import
examples/flux/transpile_and_generate_jax.py	imports	tnnx.config	python AST import
examples/flux/transpile_and_generate_jax.py	imports	torch	python AST import
examples/flux/transpile_and_generate_jax.py	imports	typing	python AST import
examples/model_conv.py	imports	__future__	python AST import
examples/model_conv.py	imports	argparse	python AST import
examples/model_conv.py	imports	collections.abc	python AST import
examples/model_conv.py	imports	examples.common	python AST import
examples/model_conv.py	imports	pathlib	python AST import
examples/model_conv.py	imports	torch	python AST import
examples/model_conv.py	imports	torch.nn	python AST import
examples/model_mlp.py	imports	__future__	python AST import
examples/model_mlp.py	imports	argparse	python AST import
examples/model_mlp.py	imports	collections.abc	python AST import
examples/model_mlp.py	imports	examples.common	python AST import
examples/model_mlp.py	imports	pathlib	python AST import
examples/model_mlp.py	imports	torch	python AST import
examples/model_mlp.py	imports	torch.nn	python AST import
examples/model_nanogpt_tiny.py	imports	__future__	python AST import
examples/model_nanogpt_tiny.py	imports	argparse	python AST import
examples/model_nanogpt_tiny.py	imports	collections.abc	python AST import
examples/model_nanogpt_tiny.py	imports	dataclasses	python AST import
examples/model_nanogpt_tiny.py	imports	examples.common	python AST import
examples/model_nanogpt_tiny.py	imports	pathlib	python AST import
examples/model_nanogpt_tiny.py	imports	torch	python AST import
examples/model_nanogpt_tiny.py	imports	torch.nn	python AST import
examples/model_nanogpt_tiny.py	imports	torch.nn.functional	python AST import
examples/model_residual.py	imports	__future__	python AST import
examples/model_residual.py	imports	argparse	python AST import
examples/model_residual.py	imports	collections.abc	python AST import
examples/model_residual.py	imports	examples.common	python AST import
examples/model_residual.py	imports	pathlib	python AST import
examples/model_residual.py	imports	torch	python AST import
examples/model_residual.py	imports	torch.nn	python AST import
examples/model_residual.py	imports	torch.nn.functional	python AST import
examples/model_whisper_tiny.py	imports	__future__	python AST import
examples/model_whisper_tiny.py	imports	argparse	python AST import
examples/model_whisper_tiny.py	imports	collections.abc	python AST import
examples/model_whisper_tiny.py	imports	dataclasses	python AST import
examples/model_whisper_tiny.py	imports	examples.common	python AST import
examples/model_whisper_tiny.py	imports	pathlib	python AST import
examples/model_whisper_tiny.py	imports	torch	python AST import
examples/model_whisper_tiny.py	imports	torch.nn	python AST import
examples/model_whisper_tiny.py	imports	torch.nn.functional	python AST import
examples/model_zoo/__init__.py	imports	.catalog	python AST import
examples/model_zoo/__init__.py	imports	.compatibility	python AST import
examples/model_zoo/__init__.py	imports	.loaders	python AST import
examples/model_zoo/__init__.py	imports	.smoke	python AST import
examples/model_zoo/catalog.py	imports	__future__	python AST import
examples/model_zoo/catalog.py	imports	dataclasses	python AST import
examples/model_zoo/check_compatibility.py	imports	.compatibility	python AST import
examples/model_zoo/check_compatibility.py	imports	__future__	python AST import
examples/model_zoo/compatibility.py	imports	.catalog	python AST import
examples/model_zoo/compatibility.py	imports	__future__	python AST import
examples/model_zoo/compatibility.py	imports	dataclasses	python AST import
examples/model_zoo/list_models.py	imports	.catalog	python AST import
examples/model_zoo/list_models.py	imports	__future__	python AST import
examples/model_zoo/loaders.py	imports	.catalog	python AST import
examples/model_zoo/loaders.py	imports	__future__	python AST import
examples/model_zoo/loaders.py	imports	dataclasses	python AST import
examples/model_zoo/loaders.py	imports	typing	python AST import
examples/model_zoo/smoke.py	imports	.loaders	python AST import
examples/model_zoo/smoke.py	imports	__future__	python AST import
examples/model_zoo/smoke.py	imports	dataclasses	python AST import
examples/model_zoo/smoke.py	imports	pathlib	python AST import
examples/model_zoo/smoke.py	imports	tnnx.api	python AST import
examples/model_zoo/smoke.py	imports	tnnx.config	python AST import
examples/model_zoo/smoke.py	imports	typing	python AST import
examples/model_zoo/transpile_smoke.py	imports	.smoke	python AST import
examples/model_zoo/transpile_smoke.py	imports	__future__	python AST import
examples/model_zoo/transpile_smoke.py	imports	argparse	python AST import
examples/model_zoo/transpile_smoke.py	imports	examples.common	python AST import
examples/nanogpt/infer_gpt2_from_transformers_jax.py	imports	__future__	python AST import
examples/nanogpt/infer_gpt2_from_transformers_jax.py	imports	argparse	python AST import
examples/nanogpt/infer_gpt2_from_transformers_jax.py	imports	examples.common	python AST import
examples/nanogpt/infer_gpt2_from_transformers_jax.py	imports	numpy	python AST import
examples/nanogpt/infer_gpt2_from_transformers_jax.py	imports	onnx	python AST import
examples/nanogpt/infer_gpt2_from_transformers_jax.py	imports	pathlib	python AST import
examples/nanogpt/infer_gpt2_from_transformers_jax.py	imports	sys	python AST import
examples/nanogpt/infer_gpt2_from_transformers_jax.py	imports	tnnx.config	python AST import
examples/nanogpt/infer_gpt2_from_transformers_jax.py	imports	tnnx.ingest.op_map	python AST import
examples/nanogpt/infer_gpt2_from_transformers_jax.py	imports	torch	python AST import
examples/nanogpt/infer_gpt2_from_transformers_jax.py	imports	torch.nn	python AST import
examples/nanogpt/infer_gpt2_from_transformers_jax.py	imports	transformers	python AST import
examples/nanogpt/infer_gpt2_from_transformers_jax.py	imports	typing	python AST import
examples/nanogpt/train_nanogpt_tiny.py	imports	__future__	python AST import
examples/nanogpt/train_nanogpt_tiny.py	imports	argparse	python AST import
examples/nanogpt/train_nanogpt_tiny.py	imports	examples.common	python AST import
examples/nanogpt/train_nanogpt_tiny.py	imports	examples.model_nanogpt_tiny	python AST import
examples/nanogpt/train_nanogpt_tiny.py	imports	examples.nanogpt.utils	python AST import
examples/nanogpt/train_nanogpt_tiny.py	imports	examples.run_nanogpt_tiny_jax	python AST import
examples/nanogpt/train_nanogpt_tiny.py	imports	jax	python AST import
examples/nanogpt/train_nanogpt_tiny.py	imports	numpy	python AST import
examples/nanogpt/train_nanogpt_tiny.py	imports	pathlib	python AST import
examples/nanogpt/train_nanogpt_tiny.py	imports	sys	python AST import
examples/nanogpt/train_nanogpt_tiny.py	imports	torch	python AST import
examples/nanogpt/train_nanogpt_tiny.py	imports	torch.nn.functional	python AST import
examples/nanogpt/train_nanogpt_tiny.py	imports	typing	python AST import
examples/nanogpt/utils.py	imports	__future__	python AST import
examples/nanogpt/utils.py	imports	collections.abc	python AST import
examples/qwen/__init__.py	imports	.infer_qwen3_5_from_transformers_jax	python AST import
examples/qwen/__init__.py	imports	.infer_qwen3_5_from_transformers_mlx	python AST import
examples/qwen/infer_qwen3_5_from_transformers_jax.py	imports	__future__	python AST import
examples/qwen/infer_qwen3_5_from_transformers_jax.py	imports	argparse	python AST import
examples/qwen/infer_qwen3_5_from_transformers_jax.py	imports	examples.common	python AST import
examples/qwen/infer_qwen3_5_from_transformers_jax.py	imports	huggingface_hub	python AST import
examples/qwen/infer_qwen3_5_from_transformers_jax.py	imports	jax	python AST import
examples/qwen/infer_qwen3_5_from_transformers_jax.py	imports	numpy	python AST import
examples/qwen/infer_qwen3_5_from_transformers_jax.py	imports	onnx	python AST import
examples/qwen/infer_qwen3_5_from_transformers_jax.py	imports	pathlib	python AST import
examples/qwen/infer_qwen3_5_from_transformers_jax.py	imports	sys	python AST import
examples/qwen/infer_qwen3_5_from_transformers_jax.py	imports	tnnx.api	python AST import
examples/qwen/infer_qwen3_5_from_transformers_jax.py	imports	tnnx.config	python AST import
examples/qwen/infer_qwen3_5_from_transformers_jax.py	imports	tnnx.ingest.op_map	python AST import
examples/qwen/infer_qwen3_5_from_transformers_jax.py	imports	torch	python AST import
examples/qwen/infer_qwen3_5_from_transformers_jax.py	imports	torch.nn	python AST import
examples/qwen/infer_qwen3_5_from_transformers_jax.py	imports	transformers	python AST import
examples/qwen/infer_qwen3_5_from_transformers_jax.py	imports	typing	python AST import
examples/qwen/infer_qwen3_5_from_transformers_mlx.py	imports	.infer_qwen3_5_from_transformers_jax	python AST import
examples/qwen/infer_qwen3_5_from_transformers_mlx.py	imports	__future__	python AST import
examples/qwen/infer_qwen3_5_from_transformers_mlx.py	imports	argparse	python AST import
examples/qwen/infer_qwen3_5_from_transformers_mlx.py	imports	examples.common	python AST import
examples/qwen/infer_qwen3_5_from_transformers_mlx.py	imports	importlib.metadata	python AST import
examples/qwen/infer_qwen3_5_from_transformers_mlx.py	imports	mlx.core	python AST import
examples/qwen/infer_qwen3_5_from_transformers_mlx.py	imports	numpy	python AST import
examples/qwen/infer_qwen3_5_from_transformers_mlx.py	imports	onnx	python AST import
examples/qwen/infer_qwen3_5_from_transformers_mlx.py	imports	pathlib	python AST import
examples/qwen/infer_qwen3_5_from_transformers_mlx.py	imports	sys	python AST import
examples/qwen/infer_qwen3_5_from_transformers_mlx.py	imports	tnnx.api	python AST import
examples/qwen/infer_qwen3_5_from_transformers_mlx.py	imports	tnnx.config	python AST import
examples/qwen/infer_qwen3_5_from_transformers_mlx.py	imports	torch	python AST import
examples/qwen/infer_qwen3_5_from_transformers_mlx.py	imports	transformers	python AST import
examples/qwen/infer_qwen3_5_from_transformers_mlx.py	imports	typing	python AST import
examples/run_flux_jax.py	imports	examples.flux.transpile_and_generate_jax	python AST import
examples/run_nanogpt_tiny_jax.py	imports	.model_nanogpt_tiny	python AST import
examples/run_nanogpt_tiny_jax.py	imports	__future__	python AST import
examples/run_nanogpt_tiny_jax.py	imports	argparse	python AST import
examples/run_nanogpt_tiny_jax.py	imports	collections.abc	python AST import
examples/run_nanogpt_tiny_jax.py	imports	examples.common	python AST import
examples/run_nanogpt_tiny_jax.py	imports	jax	python AST import
examples/run_nanogpt_tiny_jax.py	imports	numpy	python AST import
examples/run_nanogpt_tiny_jax.py	imports	pathlib	python AST import
examples/run_nanogpt_tiny_jax.py	imports	tnnx.config	python AST import
examples/run_nanogpt_tiny_jax.py	imports	torch	python AST import
examples/run_nanogpt_tiny_jax.py	imports	typing	python AST import
examples/run_whisper_tiny_mlx.py	imports	.model_whisper_tiny	python AST import
examples/run_whisper_tiny_mlx.py	imports	__future__	python AST import
examples/run_whisper_tiny_mlx.py	imports	argparse	python AST import
examples/run_whisper_tiny_mlx.py	imports	collections.abc	python AST import
examples/run_whisper_tiny_mlx.py	imports	examples.common	python AST import
examples/run_whisper_tiny_mlx.py	imports	mlx.core	python AST import
examples/run_whisper_tiny_mlx.py	imports	numpy	python AST import
examples/run_whisper_tiny_mlx.py	imports	pathlib	python AST import
examples/run_whisper_tiny_mlx.py	imports	tnnx.config	python AST import
examples/run_whisper_tiny_mlx.py	imports	torch	python AST import
examples/whisper_audio/runtime_env.py	imports	__future__	python AST import
examples/whisper_audio/runtime_env.py	imports	importlib.util	python AST import
examples/whisper_audio/runtime_env.py	imports	pathlib	python AST import
examples/whisper_audio/runtime_env.py	imports	sys	python AST import
examples/whisper_audio/transcribe_with_mlx_whisper.py	imports	.transpile_and_transcribe	python AST import
examples/whisper_audio/transcribe_with_mlx_whisper.py	imports	__future__	python AST import
examples/whisper_audio/transpile_and_transcribe.py	imports	.runtime_env	python AST import
examples/whisper_audio/transpile_and_transcribe.py	imports	.whisper_hf_tiny_source	python AST import
examples/whisper_audio/transpile_and_transcribe.py	imports	__future__	python AST import
examples/whisper_audio/transpile_and_transcribe.py	imports	argparse	python AST import
examples/whisper_audio/transpile_and_transcribe.py	imports	examples.common	python AST import
examples/whisper_audio/transpile_and_transcribe.py	imports	json	python AST import
examples/whisper_audio/transpile_and_transcribe.py	imports	mlx.core	python AST import
examples/whisper_audio/transpile_and_transcribe.py	imports	numpy	python AST import
examples/whisper_audio/transpile_and_transcribe.py	imports	onnx	python AST import
examples/whisper_audio/transpile_and_transcribe.py	imports	pathlib	python AST import
examples/whisper_audio/transpile_and_transcribe.py	imports	sys	python AST import
examples/whisper_audio/transpile_and_transcribe.py	imports	tnnx.api	python AST import
examples/whisper_audio/transpile_and_transcribe.py	imports	tnnx.config	python AST import
examples/whisper_audio/transpile_and_transcribe.py	imports	tnnx.ingest.op_map	python AST import
examples/whisper_audio/transpile_and_transcribe.py	imports	tokenizers	python AST import
examples/whisper_audio/transpile_and_transcribe.py	imports	typing	python AST import
examples/whisper_audio/whisper_hf_tiny_source.py	imports	.runtime_env	python AST import
examples/whisper_audio/whisper_hf_tiny_source.py	imports	__future__	python AST import
examples/whisper_audio/whisper_hf_tiny_source.py	imports	dataclasses	python AST import
examples/whisper_audio/whisper_hf_tiny_source.py	imports	json	python AST import
examples/whisper_audio/whisper_hf_tiny_source.py	imports	numpy	python AST import
examples/whisper_audio/whisper_hf_tiny_source.py	imports	os	python AST import
examples/whisper_audio/whisper_hf_tiny_source.py	imports	pathlib	python AST import
examples/whisper_audio/whisper_hf_tiny_source.py	imports	re	python AST import
examples/whisper_audio/whisper_hf_tiny_source.py	imports	safetensors.torch	python AST import
examples/whisper_audio/whisper_hf_tiny_source.py	imports	subprocess	python AST import
examples/whisper_audio/whisper_hf_tiny_source.py	imports	torch	python AST import
examples/whisper_audio/whisper_hf_tiny_source.py	imports	torch.nn	python AST import
examples/whisper_audio/whisper_hf_tiny_source.py	imports	torch.nn.functional	python AST import
examples/whisper_audio/whisper_hf_tiny_source.py	imports	typing	python AST import
scripts/check_context_pack.py	imports	__future__	python AST import
scripts/check_context_pack.py	imports	argparse	python AST import
scripts/check_context_pack.py	imports	ast	python AST import
scripts/check_context_pack.py	imports	csv	python AST import
scripts/check_context_pack.py	imports	hashlib	python AST import
scripts/check_context_pack.py	imports	json	python AST import
scripts/check_context_pack.py	imports	pathlib	python AST import
scripts/check_context_pack.py	imports	subprocess	python AST import
scripts/check_context_pack.py	imports	sys	python AST import
scripts/check_context_pack.py	imports	typing	python AST import
scripts/check_docs_links.py	imports	__future__	python AST import
scripts/check_docs_links.py	imports	pathlib	python AST import
scripts/check_docs_links.py	imports	re	python AST import
scripts/check_docs_links.py	imports	subprocess	python AST import
scripts/check_docs_links.py	imports	sys	python AST import
scripts/check_docs_links.py	imports	urllib.parse	python AST import
scripts/check_generated_code.py	imports	__future__	python AST import
scripts/check_generated_code.py	imports	importlib.util	python AST import
scripts/check_generated_code.py	imports	numpy	python AST import
scripts/check_generated_code.py	imports	onnx	python AST import
scripts/check_generated_code.py	imports	pathlib	python AST import
scripts/check_generated_code.py	imports	py_compile	python AST import
scripts/check_generated_code.py	imports	tempfile	python AST import
scripts/check_generated_code.py	imports	tnnx.api	python AST import
scripts/check_generated_code.py	imports	typing	python AST import
scripts/check_operator_docs.py	imports	__future__	python AST import
scripts/check_operator_docs.py	imports	argparse	python AST import
scripts/check_operator_docs.py	imports	inspect	python AST import
scripts/check_operator_docs.py	imports	pathlib	python AST import
scripts/check_operator_docs.py	imports	re	python AST import
scripts/check_operator_docs.py	imports	sys	python AST import
scripts/check_operator_docs.py	imports	tnnx.codegen	python AST import
scripts/check_operator_docs.py	imports	tnnx.ingest.op_map	python AST import
scripts/check_operator_docs.py	imports	tnnx.ir.schema	python AST import
scripts/check_package_contents.py	imports	__future__	python AST import
scripts/check_package_contents.py	imports	pathlib	python AST import
scripts/check_package_contents.py	imports	sys	python AST import
scripts/check_package_contents.py	imports	tarfile	python AST import
scripts/check_package_contents.py	imports	zipfile	python AST import
scripts/check_residue.py	imports	__future__	python AST import
scripts/check_residue.py	imports	pathlib	python AST import
scripts/check_residue.py	imports	re	python AST import
scripts/check_residue.py	imports	subprocess	python AST import
scripts/check_residue.py	imports	sys	python AST import
src/tnnx/__init__.py	imports	.api	python AST import
src/tnnx/__init__.py	imports	.config	python AST import
src/tnnx/api.py	imports	.codegen.jax_codegen	python AST import
src/tnnx/api.py	imports	.codegen.mlx_codegen	python AST import
src/tnnx/api.py	imports	.config	python AST import
src/tnnx/api.py	imports	.ingest.onnx_reader	python AST import
src/tnnx/api.py	imports	.ir.serde	python AST import
src/tnnx/api.py	imports	.ir.types	python AST import
src/tnnx/api.py	imports	.passes.normalize	python AST import
src/tnnx/api.py	imports	.passes.prune	python AST import
src/tnnx/api.py	imports	.passes.shape_prop	python AST import
src/tnnx/api.py	imports	.runtime.weights	python AST import
src/tnnx/api.py	imports	__future__	python AST import
src/tnnx/api.py	imports	json	python AST import
src/tnnx/api.py	imports	numpy	python AST import
src/tnnx/api.py	imports	pathlib	python AST import
src/tnnx/api.py	imports	typing	python AST import
src/tnnx/cli.py	imports	.api	python AST import
src/tnnx/cli.py	imports	.config	python AST import
src/tnnx/cli.py	imports	__future__	python AST import
src/tnnx/cli.py	imports	argparse	python AST import
src/tnnx/codegen/__init__.py	imports	.common	python AST import
src/tnnx/codegen/common.py	imports	..ir.types	python AST import
src/tnnx/codegen/common.py	imports	__future__	python AST import
src/tnnx/codegen/common.py	imports	typing	python AST import
src/tnnx/codegen/jax_codegen.py	imports	..ir.types	python AST import
src/tnnx/codegen/jax_codegen.py	imports	.common	python AST import
src/tnnx/codegen/jax_codegen.py	imports	__future__	python AST import
src/tnnx/codegen/jax_codegen.py	imports	pathlib	python AST import
src/tnnx/codegen/mlx_codegen.py	imports	..ir.types	python AST import
src/tnnx/codegen/mlx_codegen.py	imports	.common	python AST import
src/tnnx/codegen/mlx_codegen.py	imports	__future__	python AST import
src/tnnx/codegen/mlx_codegen.py	imports	pathlib	python AST import
src/tnnx/config.py	imports	__future__	python AST import
src/tnnx/config.py	imports	dataclasses	python AST import
src/tnnx/config.py	imports	pathlib	python AST import
src/tnnx/config.py	imports	typing	python AST import
src/tnnx/ingest/__init__.py	imports	.onnx_reader	python AST import
src/tnnx/ingest/dtypes.py	imports	__future__	python AST import
src/tnnx/ingest/dtypes.py	imports	onnx	python AST import
src/tnnx/ingest/onnx_reader.py	imports	..ir.schema	python AST import
src/tnnx/ingest/onnx_reader.py	imports	..ir.types	python AST import
src/tnnx/ingest/onnx_reader.py	imports	.dtypes	python AST import
src/tnnx/ingest/onnx_reader.py	imports	.op_map	python AST import
src/tnnx/ingest/onnx_reader.py	imports	.shape_hints	python AST import
src/tnnx/ingest/onnx_reader.py	imports	__future__	python AST import
src/tnnx/ingest/onnx_reader.py	imports	numpy	python AST import
src/tnnx/ingest/onnx_reader.py	imports	onnx	python AST import
src/tnnx/ingest/onnx_reader.py	imports	pathlib	python AST import
src/tnnx/ingest/onnx_reader.py	imports	typing	python AST import
src/tnnx/ingest/op_map.py	imports	__future__	python AST import
src/tnnx/ingest/shape_hints.py	imports	__future__	python AST import
src/tnnx/ingest/shape_hints.py	imports	onnx	python AST import
src/tnnx/ir/__init__.py	imports	.schema	python AST import
src/tnnx/ir/__init__.py	imports	.serde	python AST import
src/tnnx/ir/__init__.py	imports	.types	python AST import
src/tnnx/ir/schema.py	imports	.types	python AST import
src/tnnx/ir/schema.py	imports	__future__	python AST import
src/tnnx/ir/schema.py	imports	dataclasses	python AST import
src/tnnx/ir/serde.py	imports	.schema	python AST import
src/tnnx/ir/serde.py	imports	.types	python AST import
src/tnnx/ir/serde.py	imports	__future__	python AST import
src/tnnx/ir/serde.py	imports	json	python AST import
src/tnnx/ir/types.py	imports	__future__	python AST import
src/tnnx/ir/types.py	imports	dataclasses	python AST import
src/tnnx/ir/types.py	imports	typing	python AST import
src/tnnx/passes/__init__.py	imports	.normalize	python AST import
src/tnnx/passes/__init__.py	imports	.prune	python AST import
src/tnnx/passes/__init__.py	imports	.shape_prop	python AST import
src/tnnx/passes/normalize.py	imports	..ir.types	python AST import
src/tnnx/passes/normalize.py	imports	__future__	python AST import
src/tnnx/passes/prune.py	imports	..ir.types	python AST import
src/tnnx/passes/prune.py	imports	__future__	python AST import
src/tnnx/passes/shape_prop.py	imports	..ir.types	python AST import
src/tnnx/passes/shape_prop.py	imports	__future__	python AST import
src/tnnx/passes/shape_prop.py	imports	copy	python AST import
src/tnnx/passes/shape_prop.py	imports	math	python AST import
src/tnnx/passes/shape_prop.py	imports	typing	python AST import
src/tnnx/runtime/__init__.py	imports	.weights	python AST import
src/tnnx/runtime/weights.py	imports	__future__	python AST import
src/tnnx/runtime/weights.py	imports	numpy	python AST import
src/tnnx/runtime/weights.py	imports	pathlib	python AST import
src/tnnx/runtime/weights.py	imports	typing	python AST import
tests/_support/flux.py	imports	__future__	python AST import
tests/_support/flux.py	imports	examples.common	python AST import
tests/_support/flux.py	imports	examples.flux.source	python AST import
tests/_support/flux.py	imports	os	python AST import
tests/_support/flux.py	imports	pathlib	python AST import
tests/_support/flux.py	imports	pytest	python AST import
tests/_support/flux.py	imports	sys	python AST import
tests/_support/flux.py	imports	typing	python AST import
tests/conftest.py	imports	__future__	python AST import
tests/conftest.py	imports	collections.abc	python AST import
tests/conftest.py	imports	pathlib	python AST import
tests/conftest.py	imports	pytest	python AST import
tests/integration/test_cli_transpile_custom_artifacts.py	imports	__future__	python AST import
tests/integration/test_cli_transpile_custom_artifacts.py	imports	json	python AST import
tests/integration/test_cli_transpile_custom_artifacts.py	imports	numpy	python AST import
tests/integration/test_cli_transpile_custom_artifacts.py	imports	onnx	python AST import
tests/integration/test_cli_transpile_custom_artifacts.py	imports	pathlib	python AST import
tests/integration/test_cli_transpile_custom_artifacts.py	imports	subprocess	python AST import
tests/integration/test_cli_transpile_jax.py	imports	__future__	python AST import
tests/integration/test_cli_transpile_jax.py	imports	numpy	python AST import
tests/integration/test_cli_transpile_jax.py	imports	onnx	python AST import
tests/integration/test_cli_transpile_jax.py	imports	pathlib	python AST import
tests/integration/test_cli_transpile_jax.py	imports	subprocess	python AST import
tests/integration/test_cli_transpile_mlx.py	imports	__future__	python AST import
tests/integration/test_cli_transpile_mlx.py	imports	numpy	python AST import
tests/integration/test_cli_transpile_mlx.py	imports	onnx	python AST import
tests/integration/test_cli_transpile_mlx.py	imports	pathlib	python AST import
tests/integration/test_cli_transpile_mlx.py	imports	subprocess	python AST import
tests/integration/test_deterministic_artifacts.py	imports	__future__	python AST import
tests/integration/test_deterministic_artifacts.py	imports	numpy	python AST import
tests/integration/test_deterministic_artifacts.py	imports	onnx	python AST import
tests/integration/test_deterministic_artifacts.py	imports	pathlib	python AST import
tests/integration/test_deterministic_artifacts.py	imports	pytest	python AST import
tests/integration/test_deterministic_artifacts.py	imports	tnnx.api	python AST import
tests/integration/test_deterministic_artifacts.py	imports	tnnx.config	python AST import
tests/integration/test_examples_export_cli.py	imports	__future__	python AST import
tests/integration/test_examples_export_cli.py	imports	pathlib	python AST import
tests/integration/test_examples_export_cli.py	imports	pytest	python AST import
tests/integration/test_extended_ops_runtime_parity.py	imports	__future__	python AST import
tests/integration/test_extended_ops_runtime_parity.py	imports	importlib.util	python AST import
tests/integration/test_extended_ops_runtime_parity.py	imports	numpy	python AST import
tests/integration/test_extended_ops_runtime_parity.py	imports	onnx	python AST import
tests/integration/test_extended_ops_runtime_parity.py	imports	pathlib	python AST import
tests/integration/test_extended_ops_runtime_parity.py	imports	pytest	python AST import
tests/integration/test_extended_ops_runtime_parity.py	imports	tnnx.codegen.jax_codegen	python AST import
tests/integration/test_extended_ops_runtime_parity.py	imports	tnnx.codegen.mlx_codegen	python AST import
tests/integration/test_extended_ops_runtime_parity.py	imports	tnnx.ingest.onnx_reader	python AST import
tests/integration/test_extended_ops_runtime_parity.py	imports	tnnx.runtime.weights	python AST import
tests/integration/test_extended_ops_runtime_parity.py	imports	typing	python AST import
tests/integration/test_flux_fp8_jax_runtime_parity.py	imports	__future__	python AST import
tests/integration/test_flux_fp8_jax_runtime_parity.py	imports	importlib.util	python AST import
tests/integration/test_flux_fp8_jax_runtime_parity.py	imports	numpy	python AST import
tests/integration/test_flux_fp8_jax_runtime_parity.py	imports	onnx	python AST import
tests/integration/test_flux_fp8_jax_runtime_parity.py	imports	pathlib	python AST import
tests/integration/test_flux_fp8_jax_runtime_parity.py	imports	pytest	python AST import
tests/integration/test_flux_fp8_jax_runtime_parity.py	imports	tnnx.codegen.jax_codegen	python AST import
tests/integration/test_flux_fp8_jax_runtime_parity.py	imports	tnnx.ir.types	python AST import
tests/integration/test_flux_fp8_jax_runtime_parity.py	imports	tnnx.runtime.weights	python AST import
tests/integration/test_flux_fp8_jax_runtime_parity.py	imports	typing	python AST import
tests/integration/test_flux_jax_cli_prompt_npz.py	imports	__future__	python AST import
tests/integration/test_flux_jax_cli_prompt_npz.py	imports	examples.flux.source	python AST import
tests/integration/test_flux_jax_cli_prompt_npz.py	imports	examples.flux.transpile_and_generate_jax	python AST import
tests/integration/test_flux_jax_cli_prompt_npz.py	imports	numpy	python AST import
tests/integration/test_flux_jax_cli_prompt_npz.py	imports	pathlib	python AST import
tests/integration/test_flux_jax_cli_prompt_npz.py	imports	pytest	python AST import
tests/integration/test_flux_jax_cli_prompt_npz.py	imports	sys	python AST import
tests/integration/test_flux_jax_dummy_flux2_smoke.py	imports	PIL	python AST import
tests/integration/test_flux_jax_dummy_flux2_smoke.py	imports	__future__	python AST import
tests/integration/test_flux_jax_dummy_flux2_smoke.py	imports	examples.flux	python AST import
tests/integration/test_flux_jax_dummy_flux2_smoke.py	imports	pathlib	python AST import
tests/integration/test_flux_jax_dummy_flux2_smoke.py	imports	pytest	python AST import
tests/integration/test_flux_jax_dummy_flux2_smoke.py	imports	sys	python AST import
tests/integration/test_flux_jax_image_smoke.py	imports	PIL	python AST import
tests/integration/test_flux_jax_image_smoke.py	imports	__future__	python AST import
tests/integration/test_flux_jax_image_smoke.py	imports	examples.flux	python AST import
tests/integration/test_flux_jax_image_smoke.py	imports	pathlib	python AST import
tests/integration/test_flux_jax_image_smoke.py	imports	pytest	python AST import
tests/integration/test_flux_jax_image_smoke.py	imports	sys	python AST import
tests/integration/test_flux_jax_prompt_injection.py	imports	PIL	python AST import
tests/integration/test_flux_jax_prompt_injection.py	imports	__future__	python AST import
tests/integration/test_flux_jax_prompt_injection.py	imports	examples.flux	python AST import
tests/integration/test_flux_jax_prompt_injection.py	imports	examples.flux.source	python AST import
tests/integration/test_flux_jax_prompt_injection.py	imports	numpy	python AST import
tests/integration/test_flux_jax_prompt_injection.py	imports	pathlib	python AST import
tests/integration/test_flux_jax_prompt_injection.py	imports	pytest	python AST import
tests/integration/test_flux_jax_prompt_injection.py	imports	sys	python AST import
tests/integration/test_flux_jax_prompt_to_image_smoke.py	imports	PIL	python AST import
tests/integration/test_flux_jax_prompt_to_image_smoke.py	imports	__future__	python AST import
tests/integration/test_flux_jax_prompt_to_image_smoke.py	imports	examples.flux	python AST import
tests/integration/test_flux_jax_prompt_to_image_smoke.py	imports	pathlib	python AST import
tests/integration/test_flux_jax_prompt_to_image_smoke.py	imports	pytest	python AST import
tests/integration/test_flux_jax_prompt_to_image_smoke.py	imports	sys	python AST import
tests/integration/test_flux_prompt_to_image_jax_e2e.py	imports	__future__	python AST import
tests/integration/test_flux_prompt_to_image_jax_e2e.py	imports	examples.flux.transpile_and_generate_jax	python AST import
tests/integration/test_flux_prompt_to_image_jax_e2e.py	imports	importlib	python AST import
tests/integration/test_flux_prompt_to_image_jax_e2e.py	imports	os	python AST import
tests/integration/test_flux_prompt_to_image_jax_e2e.py	imports	pathlib	python AST import
tests/integration/test_flux_prompt_to_image_jax_e2e.py	imports	pytest	python AST import
tests/integration/test_flux_prompt_to_image_jax_e2e.py	imports	sys	python AST import
tests/integration/test_flux_pytorch_dummy_flux2_smoke.py	imports	PIL	python AST import
tests/integration/test_flux_pytorch_dummy_flux2_smoke.py	imports	__future__	python AST import
tests/integration/test_flux_pytorch_dummy_flux2_smoke.py	imports	examples.flux	python AST import
tests/integration/test_flux_pytorch_dummy_flux2_smoke.py	imports	pathlib	python AST import
tests/integration/test_flux_pytorch_dummy_flux2_smoke.py	imports	sys	python AST import
tests/integration/test_flux_pytorch_prompt_to_image_smoke.py	imports	PIL	python AST import
tests/integration/test_flux_pytorch_prompt_to_image_smoke.py	imports	__future__	python AST import
tests/integration/test_flux_pytorch_prompt_to_image_smoke.py	imports	examples.flux	python AST import
tests/integration/test_flux_pytorch_prompt_to_image_smoke.py	imports	pathlib	python AST import
tests/integration/test_flux_pytorch_prompt_to_image_smoke.py	imports	sys	python AST import
tests/integration/test_flux_reduced_checkpoint_bridge_jax.py	imports	__future__	python AST import
tests/integration/test_flux_reduced_checkpoint_bridge_jax.py	imports	examples.flux	python AST import
tests/integration/test_flux_reduced_checkpoint_bridge_jax.py	imports	os	python AST import
tests/integration/test_flux_reduced_checkpoint_bridge_jax.py	imports	pathlib	python AST import
tests/integration/test_flux_reduced_checkpoint_bridge_jax.py	imports	pytest	python AST import
tests/integration/test_flux_reduced_checkpoint_bridge_jax.py	imports	sys	python AST import
tests/integration/test_flux_text_encoder_checkpoint_runtime.py	imports	__future__	python AST import
tests/integration/test_flux_text_encoder_checkpoint_runtime.py	imports	importlib	python AST import
tests/integration/test_flux_text_encoder_checkpoint_runtime.py	imports	numpy	python AST import
tests/integration/test_flux_text_encoder_checkpoint_runtime.py	imports	pathlib	python AST import
tests/integration/test_flux_text_encoder_checkpoint_runtime.py	imports	pytest	python AST import
tests/integration/test_flux_text_encoder_checkpoint_runtime.py	imports	sys	python AST import
tests/integration/test_flux_text_encoder_checkpoint_runtime.py	imports	tnnx.api	python AST import
tests/integration/test_flux_text_encoder_checkpoint_runtime.py	imports	tnnx.config	python AST import
tests/integration/test_flux_text_encoder_checkpoint_transpile.py	imports	__future__	python AST import
tests/integration/test_flux_text_encoder_checkpoint_transpile.py	imports	importlib	python AST import
tests/integration/test_flux_text_encoder_checkpoint_transpile.py	imports	pathlib	python AST import
tests/integration/test_flux_text_encoder_checkpoint_transpile.py	imports	pytest	python AST import
tests/integration/test_flux_text_encoder_checkpoint_transpile.py	imports	sys	python AST import
tests/integration/test_flux_text_encoder_checkpoint_transpile.py	imports	tnnx.api	python AST import
tests/integration/test_flux_text_encoder_checkpoint_transpile.py	imports	tnnx.config	python AST import
tests/integration/test_flux_text_encoder_jax_parity.py	imports	__future__	python AST import
tests/integration/test_flux_text_encoder_jax_parity.py	imports	examples.common	python AST import
tests/integration/test_flux_text_encoder_jax_parity.py	imports	examples.flux.source	python AST import
tests/integration/test_flux_text_encoder_jax_parity.py	imports	numpy	python AST import
tests/integration/test_flux_text_encoder_jax_parity.py	imports	pathlib	python AST import
tests/integration/test_flux_text_encoder_jax_parity.py	imports	pytest	python AST import
tests/integration/test_flux_text_encoder_jax_parity.py	imports	sys	python AST import
tests/integration/test_flux_text_encoder_jax_parity.py	imports	tnnx.api	python AST import
tests/integration/test_flux_text_encoder_jax_parity.py	imports	tnnx.config	python AST import
tests/integration/test_flux_text_encoder_source.py	imports	__future__	python AST import
tests/integration/test_flux_text_encoder_source.py	imports	importlib	python AST import
tests/integration/test_flux_text_encoder_source.py	imports	pathlib	python AST import
tests/integration/test_flux_text_encoder_source.py	imports	sys	python AST import
tests/integration/test_flux_tiny_config_e2e_jax.py	imports	__future__	python AST import
tests/integration/test_flux_tiny_config_e2e_jax.py	imports	examples.flux	python AST import
tests/integration/test_flux_tiny_config_e2e_jax.py	imports	pathlib	python AST import
tests/integration/test_flux_tiny_config_e2e_jax.py	imports	pytest	python AST import
tests/integration/test_flux_tiny_config_e2e_jax.py	imports	sys	python AST import
tests/integration/test_flux_tiny_config_e2e_torch.py	imports	__future__	python AST import
tests/integration/test_flux_tiny_config_e2e_torch.py	imports	examples.flux	python AST import
tests/integration/test_flux_tiny_config_e2e_torch.py	imports	pathlib	python AST import
tests/integration/test_flux_tiny_config_e2e_torch.py	imports	pytest	python AST import
tests/integration/test_flux_tiny_config_e2e_torch.py	imports	sys	python AST import
tests/integration/test_flux_transformer_checkpoint_runtime.py	imports	__future__	python AST import
tests/integration/test_flux_transformer_checkpoint_runtime.py	imports	importlib	python AST import
tests/integration/test_flux_transformer_checkpoint_runtime.py	imports	numpy	python AST import
tests/integration/test_flux_transformer_checkpoint_runtime.py	imports	pathlib	python AST import
tests/integration/test_flux_transformer_checkpoint_runtime.py	imports	pytest	python AST import
tests/integration/test_flux_transformer_checkpoint_runtime.py	imports	sys	python AST import
tests/integration/test_flux_transformer_checkpoint_runtime.py	imports	tnnx.api	python AST import
tests/integration/test_flux_transformer_checkpoint_runtime.py	imports	tnnx.config	python AST import
tests/integration/test_flux_transformer_checkpoint_source.py	imports	__future__	python AST import
tests/integration/test_flux_transformer_checkpoint_source.py	imports	importlib	python AST import
tests/integration/test_flux_transformer_checkpoint_source.py	imports	pathlib	python AST import
tests/integration/test_flux_transformer_checkpoint_source.py	imports	pytest	python AST import
tests/integration/test_flux_transformer_checkpoint_source.py	imports	sys	python AST import
tests/integration/test_flux_transformer_checkpoint_transpile.py	imports	__future__	python AST import
tests/integration/test_flux_transformer_checkpoint_transpile.py	imports	importlib	python AST import
tests/integration/test_flux_transformer_checkpoint_transpile.py	imports	pathlib	python AST import
tests/integration/test_flux_transformer_checkpoint_transpile.py	imports	pytest	python AST import
tests/integration/test_flux_transformer_checkpoint_transpile.py	imports	sys	python AST import
tests/integration/test_flux_transformer_checkpoint_transpile.py	imports	tnnx.api	python AST import
tests/integration/test_flux_transformer_checkpoint_transpile.py	imports	tnnx.config	python AST import
tests/integration/test_flux_transformer_input_builder.py	imports	__future__	python AST import
tests/integration/test_flux_transformer_input_builder.py	imports	diffusers.models.transformers.transformer_flux	python AST import
tests/integration/test_flux_transformer_input_builder.py	imports	diffusers.models.transformers.transformer_flux2	python AST import
tests/integration/test_flux_transformer_input_builder.py	imports	examples.flux.source	python AST import
tests/integration/test_flux_transformer_input_builder.py	imports	onnx	python AST import
tests/integration/test_flux_transformer_input_builder.py	imports	pathlib	python AST import
tests/integration/test_flux_transformer_input_builder.py	imports	pytest	python AST import
tests/integration/test_flux_transformer_input_builder.py	imports	sys	python AST import
tests/integration/test_flux_transformer_jax_parity.py	imports	__future__	python AST import
tests/integration/test_flux_transformer_jax_parity.py	imports	examples.common	python AST import
tests/integration/test_flux_transformer_jax_parity.py	imports	examples.flux.source	python AST import
tests/integration/test_flux_transformer_jax_parity.py	imports	numpy	python AST import
tests/integration/test_flux_transformer_jax_parity.py	imports	pathlib	python AST import
tests/integration/test_flux_transformer_jax_parity.py	imports	pytest	python AST import
tests/integration/test_flux_transformer_jax_parity.py	imports	sys	python AST import
tests/integration/test_flux_transformer_jax_parity.py	imports	tnnx.api	python AST import
tests/integration/test_flux_transformer_jax_parity.py	imports	tnnx.config	python AST import
tests/integration/test_flux_transformer_source.py	imports	__future__	python AST import
tests/integration/test_flux_transformer_source.py	imports	examples.flux.source	python AST import
tests/integration/test_flux_transformer_source.py	imports	pathlib	python AST import
tests/integration/test_flux_transformer_source.py	imports	sys	python AST import
tests/integration/test_flux_vae_checkpoint_runtime.py	imports	__future__	python AST import
tests/integration/test_flux_vae_checkpoint_runtime.py	imports	importlib	python AST import
tests/integration/test_flux_vae_checkpoint_runtime.py	imports	numpy	python AST import
tests/integration/test_flux_vae_checkpoint_runtime.py	imports	pathlib	python AST import
tests/integration/test_flux_vae_checkpoint_runtime.py	imports	pytest	python AST import
tests/integration/test_flux_vae_checkpoint_runtime.py	imports	sys	python AST import
tests/integration/test_flux_vae_checkpoint_runtime.py	imports	tnnx.api	python AST import
tests/integration/test_flux_vae_checkpoint_runtime.py	imports	tnnx.config	python AST import
tests/integration/test_flux_vae_checkpoint_transpile.py	imports	__future__	python AST import
tests/integration/test_flux_vae_checkpoint_transpile.py	imports	examples.flux.source	python AST import
tests/integration/test_flux_vae_checkpoint_transpile.py	imports	os	python AST import
tests/integration/test_flux_vae_checkpoint_transpile.py	imports	pathlib	python AST import
tests/integration/test_flux_vae_checkpoint_transpile.py	imports	pytest	python AST import
tests/integration/test_flux_vae_checkpoint_transpile.py	imports	sys	python AST import
tests/integration/test_flux_vae_checkpoint_transpile.py	imports	tnnx.api	python AST import
tests/integration/test_flux_vae_checkpoint_transpile.py	imports	tnnx.config	python AST import
tests/integration/test_flux_vae_checkpoint_transpile.py	imports	typing	python AST import
tests/integration/test_flux_vae_decoder_jax_parity.py	imports	__future__	python AST import
tests/integration/test_flux_vae_decoder_jax_parity.py	imports	examples.common	python AST import
tests/integration/test_flux_vae_decoder_jax_parity.py	imports	examples.flux.source	python AST import
tests/integration/test_flux_vae_decoder_jax_parity.py	imports	numpy	python AST import
tests/integration/test_flux_vae_decoder_jax_parity.py	imports	pathlib	python AST import
tests/integration/test_flux_vae_decoder_jax_parity.py	imports	pytest	python AST import
tests/integration/test_flux_vae_decoder_jax_parity.py	imports	sys	python AST import
tests/integration/test_flux_vae_decoder_jax_parity.py	imports	tnnx.api	python AST import
tests/integration/test_flux_vae_decoder_jax_parity.py	imports	tnnx.config	python AST import
tests/integration/test_flux_vae_decoder_source.py	imports	__future__	python AST import
tests/integration/test_flux_vae_decoder_source.py	imports	examples.flux.source	python AST import
tests/integration/test_flux_vae_decoder_source.py	imports	pathlib	python AST import
tests/integration/test_flux_vae_decoder_source.py	imports	sys	python AST import
tests/integration/test_gpt2_from_transformers_example_jax.py	imports	__future__	python AST import
tests/integration/test_gpt2_from_transformers_example_jax.py	imports	examples.nanogpt.infer_gpt2_from_transformers_jax	python AST import
tests/integration/test_gpt2_from_transformers_example_jax.py	imports	pathlib	python AST import
tests/integration/test_gpt2_from_transformers_example_jax.py	imports	pytest	python AST import
tests/integration/test_gpt2_from_transformers_example_jax.py	imports	types	python AST import
tests/integration/test_jax_bfloat16_cast_runtime_parity.py	imports	__future__	python AST import
tests/integration/test_jax_bfloat16_cast_runtime_parity.py	imports	importlib.util	python AST import
tests/integration/test_jax_bfloat16_cast_runtime_parity.py	imports	jax.numpy	python AST import
tests/integration/test_jax_bfloat16_cast_runtime_parity.py	imports	numpy	python AST import
tests/integration/test_jax_bfloat16_cast_runtime_parity.py	imports	onnx	python AST import
tests/integration/test_jax_bfloat16_cast_runtime_parity.py	imports	pathlib	python AST import
tests/integration/test_jax_bfloat16_cast_runtime_parity.py	imports	pytest	python AST import
tests/integration/test_jax_bfloat16_cast_runtime_parity.py	imports	tnnx.codegen.jax_codegen	python AST import
tests/integration/test_jax_bfloat16_cast_runtime_parity.py	imports	tnnx.ingest.onnx_reader	python AST import
tests/integration/test_jax_bfloat16_cast_runtime_parity.py	imports	tnnx.runtime.weights	python AST import
tests/integration/test_jax_bfloat16_cast_runtime_parity.py	imports	typing	python AST import
tests/integration/test_jax_instance_norm_runtime_parity.py	imports	__future__	python AST import
tests/integration/test_jax_instance_norm_runtime_parity.py	imports	importlib.util	python AST import
tests/integration/test_jax_instance_norm_runtime_parity.py	imports	numpy	python AST import
tests/integration/test_jax_instance_norm_runtime_parity.py	imports	onnx	python AST import
tests/integration/test_jax_instance_norm_runtime_parity.py	imports	pathlib	python AST import
tests/integration/test_jax_instance_norm_runtime_parity.py	imports	pytest	python AST import
tests/integration/test_jax_instance_norm_runtime_parity.py	imports	tnnx.codegen.jax_codegen	python AST import
tests/integration/test_jax_instance_norm_runtime_parity.py	imports	tnnx.ingest.onnx_reader	python AST import
tests/integration/test_jax_instance_norm_runtime_parity.py	imports	tnnx.runtime.weights	python AST import
tests/integration/test_jax_instance_norm_runtime_parity.py	imports	typing	python AST import
tests/integration/test_jax_parity_conv.py	imports	__future__	python AST import
tests/integration/test_jax_parity_conv.py	imports	importlib.util	python AST import
tests/integration/test_jax_parity_conv.py	imports	numpy	python AST import
tests/integration/test_jax_parity_conv.py	imports	onnx	python AST import
tests/integration/test_jax_parity_conv.py	imports	pathlib	python AST import
tests/integration/test_jax_parity_conv.py	imports	pytest	python AST import
tests/integration/test_jax_parity_conv.py	imports	tnnx.codegen.jax_codegen	python AST import
tests/integration/test_jax_parity_conv.py	imports	tnnx.ingest.onnx_reader	python AST import
tests/integration/test_jax_parity_conv.py	imports	tnnx.runtime.weights	python AST import
tests/integration/test_jax_parity_mlp.py	imports	__future__	python AST import
tests/integration/test_jax_parity_mlp.py	imports	importlib.util	python AST import
tests/integration/test_jax_parity_mlp.py	imports	numpy	python AST import
tests/integration/test_jax_parity_mlp.py	imports	onnx	python AST import
tests/integration/test_jax_parity_mlp.py	imports	pathlib	python AST import
tests/integration/test_jax_parity_mlp.py	imports	pytest	python AST import
tests/integration/test_jax_parity_mlp.py	imports	tnnx.codegen.jax_codegen	python AST import
tests/integration/test_jax_parity_mlp.py	imports	tnnx.ingest.onnx_reader	python AST import
tests/integration/test_jax_parity_mlp.py	imports	tnnx.runtime.weights	python AST import
tests/integration/test_jax_reciprocal_squeeze_runtime_parity.py	imports	__future__	python AST import
tests/integration/test_jax_reciprocal_squeeze_runtime_parity.py	imports	importlib.util	python AST import
tests/integration/test_jax_reciprocal_squeeze_runtime_parity.py	imports	numpy	python AST import
tests/integration/test_jax_reciprocal_squeeze_runtime_parity.py	imports	onnx	python AST import
tests/integration/test_jax_reciprocal_squeeze_runtime_parity.py	imports	pathlib	python AST import
tests/integration/test_jax_reciprocal_squeeze_runtime_parity.py	imports	pytest	python AST import
tests/integration/test_jax_reciprocal_squeeze_runtime_parity.py	imports	tnnx.codegen.jax_codegen	python AST import
tests/integration/test_jax_reciprocal_squeeze_runtime_parity.py	imports	tnnx.ingest.onnx_reader	python AST import
tests/integration/test_jax_reciprocal_squeeze_runtime_parity.py	imports	tnnx.runtime.weights	python AST import
tests/integration/test_jax_reciprocal_squeeze_runtime_parity.py	imports	typing	python AST import
tests/integration/test_jax_reshape_runtime_parity.py	imports	__future__	python AST import
tests/integration/test_jax_reshape_runtime_parity.py	imports	importlib.util	python AST import
tests/integration/test_jax_reshape_runtime_parity.py	imports	numpy	python AST import
tests/integration/test_jax_reshape_runtime_parity.py	imports	onnx	python AST import
tests/integration/test_jax_reshape_runtime_parity.py	imports	pathlib	python AST import
tests/integration/test_jax_reshape_runtime_parity.py	imports	pytest	python AST import
tests/integration/test_jax_reshape_runtime_parity.py	imports	tnnx.codegen.jax_codegen	python AST import
tests/integration/test_jax_reshape_runtime_parity.py	imports	tnnx.ingest.onnx_reader	python AST import
tests/integration/test_jax_reshape_runtime_parity.py	imports	tnnx.runtime.weights	python AST import
tests/integration/test_jax_topology_runtime_parity.py	imports	__future__	python AST import
tests/integration/test_jax_topology_runtime_parity.py	imports	importlib.util	python AST import
tests/integration/test_jax_topology_runtime_parity.py	imports	numpy	python AST import
tests/integration/test_jax_topology_runtime_parity.py	imports	pathlib	python AST import
tests/integration/test_jax_topology_runtime_parity.py	imports	pytest	python AST import
tests/integration/test_jax_topology_runtime_parity.py	imports	tnnx.codegen.jax_codegen	python AST import
tests/integration/test_jax_topology_runtime_parity.py	imports	tnnx.ir.types	python AST import
tests/integration/test_mlx_instance_norm_runtime_parity.py	imports	__future__	python AST import
tests/integration/test_mlx_instance_norm_runtime_parity.py	imports	importlib.util	python AST import
tests/integration/test_mlx_instance_norm_runtime_parity.py	imports	numpy	python AST import
tests/integration/test_mlx_instance_norm_runtime_parity.py	imports	onnx	python AST import
tests/integration/test_mlx_instance_norm_runtime_parity.py	imports	pathlib	python AST import
tests/integration/test_mlx_instance_norm_runtime_parity.py	imports	pytest	python AST import
tests/integration/test_mlx_instance_norm_runtime_parity.py	imports	tnnx.codegen.mlx_codegen	python AST import
tests/integration/test_mlx_instance_norm_runtime_parity.py	imports	tnnx.ingest.onnx_reader	python AST import
tests/integration/test_mlx_instance_norm_runtime_parity.py	imports	tnnx.runtime.weights	python AST import
tests/integration/test_mlx_instance_norm_runtime_parity.py	imports	typing	python AST import
tests/integration/test_mlx_parity_conv.py	imports	__future__	python AST import
tests/integration/test_mlx_parity_conv.py	imports	importlib.util	python AST import
tests/integration/test_mlx_parity_conv.py	imports	numpy	python AST import
tests/integration/test_mlx_parity_conv.py	imports	onnx	python AST import
tests/integration/test_mlx_parity_conv.py	imports	pathlib	python AST import
tests/integration/test_mlx_parity_conv.py	imports	pytest	python AST import
tests/integration/test_mlx_parity_conv.py	imports	tnnx.codegen.mlx_codegen	python AST import
tests/integration/test_mlx_parity_conv.py	imports	tnnx.ingest.onnx_reader	python AST import
tests/integration/test_mlx_parity_conv.py	imports	tnnx.runtime.weights	python AST import
tests/integration/test_mlx_parity_mlp.py	imports	__future__	python AST import
tests/integration/test_mlx_parity_mlp.py	imports	importlib.util	python AST import
tests/integration/test_mlx_parity_mlp.py	imports	numpy	python AST import
tests/integration/test_mlx_parity_mlp.py	imports	onnx	python AST import
tests/integration/test_mlx_parity_mlp.py	imports	pathlib	python AST import
tests/integration/test_mlx_parity_mlp.py	imports	pytest	python AST import
tests/integration/test_mlx_parity_mlp.py	imports	tnnx.codegen.mlx_codegen	python AST import
tests/integration/test_mlx_parity_mlp.py	imports	tnnx.ingest.onnx_reader	python AST import
tests/integration/test_mlx_parity_mlp.py	imports	tnnx.runtime.weights	python AST import
tests/integration/test_mlx_topology_runtime_parity.py	imports	__future__	python AST import
tests/integration/test_mlx_topology_runtime_parity.py	imports	importlib.util	python AST import
tests/integration/test_mlx_topology_runtime_parity.py	imports	numpy	python AST import
tests/integration/test_mlx_topology_runtime_parity.py	imports	pathlib	python AST import
tests/integration/test_mlx_topology_runtime_parity.py	imports	pytest	python AST import
tests/integration/test_mlx_topology_runtime_parity.py	imports	tnnx.codegen.mlx_codegen	python AST import
tests/integration/test_mlx_topology_runtime_parity.py	imports	tnnx.ir.types	python AST import
tests/integration/test_model_zoo_generated_runtime_parity.py	imports	__future__	python AST import
tests/integration/test_model_zoo_generated_runtime_parity.py	imports	examples.model_zoo	python AST import
tests/integration/test_model_zoo_generated_runtime_parity.py	imports	importlib.util	python AST import
tests/integration/test_model_zoo_generated_runtime_parity.py	imports	numpy	python AST import
tests/integration/test_model_zoo_generated_runtime_parity.py	imports	pathlib	python AST import
tests/integration/test_model_zoo_generated_runtime_parity.py	imports	pytest	python AST import
tests/integration/test_model_zoo_generated_runtime_parity.py	imports	sys	python AST import
tests/integration/test_model_zoo_generated_runtime_parity.py	imports	typing	python AST import
tests/integration/test_nanogpt_tiny_example_jax.py	imports	__future__	python AST import
tests/integration/test_nanogpt_tiny_example_jax.py	imports	examples.model_nanogpt_tiny	python AST import
tests/integration/test_nanogpt_tiny_example_jax.py	imports	examples.run_nanogpt_tiny_jax	python AST import
tests/integration/test_nanogpt_tiny_example_jax.py	imports	importlib.util	python AST import
tests/integration/test_nanogpt_tiny_example_jax.py	imports	numpy	python AST import
tests/integration/test_nanogpt_tiny_example_jax.py	imports	onnx	python AST import
tests/integration/test_nanogpt_tiny_example_jax.py	imports	pathlib	python AST import
tests/integration/test_nanogpt_tiny_example_jax.py	imports	pytest	python AST import
tests/integration/test_nanogpt_tiny_example_jax.py	imports	tnnx.api	python AST import
tests/integration/test_nanogpt_tiny_example_jax.py	imports	tnnx.config	python AST import
tests/integration/test_nanogpt_tiny_example_jax.py	imports	tnnx.ingest.op_map	python AST import
tests/integration/test_nanogpt_tiny_example_jax.py	imports	typing	python AST import
tests/integration/test_onnx_to_ir_gather_slice.py	imports	__future__	python AST import
tests/integration/test_onnx_to_ir_gather_slice.py	imports	numpy	python AST import
tests/integration/test_onnx_to_ir_gather_slice.py	imports	onnx	python AST import
tests/integration/test_onnx_to_ir_gather_slice.py	imports	pathlib	python AST import
tests/integration/test_onnx_to_ir_gather_slice.py	imports	tnnx.ingest.onnx_reader	python AST import
tests/integration/test_onnx_to_ir_layernorm.py	imports	__future__	python AST import
tests/integration/test_onnx_to_ir_layernorm.py	imports	numpy	python AST import
tests/integration/test_onnx_to_ir_layernorm.py	imports	onnx	python AST import
tests/integration/test_onnx_to_ir_layernorm.py	imports	pathlib	python AST import
tests/integration/test_onnx_to_ir_layernorm.py	imports	tnnx.ingest.onnx_reader	python AST import
tests/integration/test_onnx_to_ir_mlp.py	imports	__future__	python AST import
tests/integration/test_onnx_to_ir_mlp.py	imports	numpy	python AST import
tests/integration/test_onnx_to_ir_mlp.py	imports	onnx	python AST import
tests/integration/test_onnx_to_ir_mlp.py	imports	tnnx.ingest.onnx_reader	python AST import
tests/integration/test_qwen3_5_example_jax.py	imports	__future__	python AST import
tests/integration/test_qwen3_5_example_jax.py	imports	examples.qwen.infer_qwen3_5_from_transformers_jax	python AST import
tests/integration/test_qwen3_5_example_jax.py	imports	numpy	python AST import
tests/integration/test_qwen3_5_example_jax.py	imports	os	python AST import
tests/integration/test_qwen3_5_example_jax.py	imports	pathlib	python AST import
tests/integration/test_qwen3_5_example_jax.py	imports	pytest	python AST import
tests/integration/test_qwen3_5_example_jax.py	imports	transformers	python AST import
tests/integration/test_qwen3_5_example_mlx.py	imports	__future__	python AST import
tests/integration/test_qwen3_5_example_mlx.py	imports	examples.qwen.infer_qwen3_5_from_transformers_mlx	python AST import
tests/integration/test_qwen3_5_example_mlx.py	imports	numpy	python AST import
tests/integration/test_qwen3_5_example_mlx.py	imports	os	python AST import
tests/integration/test_qwen3_5_example_mlx.py	imports	pathlib	python AST import
tests/integration/test_qwen3_5_example_mlx.py	imports	pytest	python AST import
tests/integration/test_qwen3_5_example_mlx.py	imports	transformers	python AST import
tests/integration/test_starter_model_parity.py	imports	__future__	python AST import
tests/integration/test_starter_model_parity.py	imports	importlib.util	python AST import
tests/integration/test_starter_model_parity.py	imports	numpy	python AST import
tests/integration/test_starter_model_parity.py	imports	pathlib	python AST import
tests/integration/test_starter_model_parity.py	imports	pytest	python AST import
tests/integration/test_starter_model_parity.py	imports	tnnx.api	python AST import
tests/integration/test_starter_model_parity.py	imports	tnnx.config	python AST import
tests/integration/test_starter_model_parity.py	imports	typing	python AST import
tests/integration/test_three_reference_models_transpile.py	imports	__future__	python AST import
tests/integration/test_three_reference_models_transpile.py	imports	numpy	python AST import
tests/integration/test_three_reference_models_transpile.py	imports	onnx	python AST import
tests/integration/test_three_reference_models_transpile.py	imports	pathlib	python AST import
tests/integration/test_three_reference_models_transpile.py	imports	pytest	python AST import
tests/integration/test_three_reference_models_transpile.py	imports	tnnx.api	python AST import
tests/integration/test_three_reference_models_transpile.py	imports	tnnx.config	python AST import
tests/integration/test_transpile_extended_ops_contract.py	imports	__future__	python AST import
tests/integration/test_transpile_extended_ops_contract.py	imports	numpy	python AST import
tests/integration/test_transpile_extended_ops_contract.py	imports	onnx	python AST import
tests/integration/test_transpile_extended_ops_contract.py	imports	pathlib	python AST import
tests/integration/test_transpile_extended_ops_contract.py	imports	tnnx.codegen.jax_codegen	python AST import
tests/integration/test_transpile_extended_ops_contract.py	imports	tnnx.codegen.mlx_codegen	python AST import
tests/integration/test_transpile_extended_ops_contract.py	imports	tnnx.ingest.onnx_reader	python AST import
tests/integration/test_unified_backend_parity.py	imports	__future__	python AST import
tests/integration/test_unified_backend_parity.py	imports	dataclasses	python AST import
tests/integration/test_unified_backend_parity.py	imports	importlib.util	python AST import
tests/integration/test_unified_backend_parity.py	imports	numpy	python AST import
tests/integration/test_unified_backend_parity.py	imports	pathlib	python AST import
tests/integration/test_unified_backend_parity.py	imports	pytest	python AST import
tests/integration/test_unified_backend_parity.py	imports	tnnx.api	python AST import
tests/integration/test_unified_backend_parity.py	imports	tnnx.config	python AST import
tests/integration/test_unified_backend_parity.py	imports	typing	python AST import
tests/integration/test_whisper_audio_real_mlx.py	imports	__future__	python AST import
tests/integration/test_whisper_audio_real_mlx.py	imports	examples.whisper_audio.transpile_and_transcribe	python AST import
tests/integration/test_whisper_audio_real_mlx.py	imports	pathlib	python AST import
tests/integration/test_whisper_audio_transpile_source.py	imports	__future__	python AST import
tests/integration/test_whisper_audio_transpile_source.py	imports	examples.whisper_audio.transpile_and_transcribe	python AST import
tests/integration/test_whisper_audio_transpile_source.py	imports	examples.whisper_audio.whisper_hf_tiny_source	python AST import
tests/integration/test_whisper_audio_transpile_source.py	imports	json	python AST import
tests/integration/test_whisper_audio_transpile_source.py	imports	onnx	python AST import
tests/integration/test_whisper_audio_transpile_source.py	imports	pathlib	python AST import
tests/integration/test_whisper_audio_transpile_source.py	imports	sys	python AST import
tests/integration/test_whisper_audio_transpile_source.py	imports	tnnx.api	python AST import
tests/integration/test_whisper_audio_transpile_source.py	imports	tnnx.config	python AST import
tests/integration/test_whisper_audio_transpile_source.py	imports	tnnx.ingest.op_map	python AST import
tests/integration/test_whisper_tiny_example_mlx.py	imports	__future__	python AST import
tests/integration/test_whisper_tiny_example_mlx.py	imports	examples.run_whisper_tiny_mlx	python AST import
tests/integration/test_whisper_tiny_example_mlx.py	imports	pathlib	python AST import
tests/integration/test_whisper_tiny_example_mlx.py	imports	pytest	python AST import
tests/snapshots/expected/jax_gather_slice.py	imports	__future__	python AST import
tests/snapshots/expected/jax_gather_slice.py	imports	jax	python AST import
tests/snapshots/expected/jax_gather_slice.py	imports	jax.nn	python AST import
tests/snapshots/expected/jax_gather_slice.py	imports	jax.numpy	python AST import
tests/snapshots/expected/jax_gather_slice.py	imports	numpy	python AST import
tests/snapshots/expected/jax_layernorm.py	imports	__future__	python AST import
tests/snapshots/expected/jax_layernorm.py	imports	jax	python AST import
tests/snapshots/expected/jax_layernorm.py	imports	jax.nn	python AST import
tests/snapshots/expected/jax_layernorm.py	imports	jax.numpy	python AST import
tests/snapshots/expected/jax_layernorm.py	imports	numpy	python AST import
tests/snapshots/expected/jax_mlp.py	imports	__future__	python AST import
tests/snapshots/expected/jax_mlp.py	imports	jax	python AST import
tests/snapshots/expected/jax_mlp.py	imports	jax.nn	python AST import
tests/snapshots/expected/jax_mlp.py	imports	jax.numpy	python AST import
tests/snapshots/expected/jax_mlp.py	imports	numpy	python AST import
tests/snapshots/expected/jax_qwen_fused_decoder_ops.py	imports	__future__	python AST import
tests/snapshots/expected/jax_qwen_fused_decoder_ops.py	imports	jax	python AST import
tests/snapshots/expected/jax_qwen_fused_decoder_ops.py	imports	jax.nn	python AST import
tests/snapshots/expected/jax_qwen_fused_decoder_ops.py	imports	jax.numpy	python AST import
tests/snapshots/expected/jax_qwen_fused_decoder_ops.py	imports	numpy	python AST import
tests/snapshots/expected/jax_qwen_ops.py	imports	__future__	python AST import
tests/snapshots/expected/jax_qwen_ops.py	imports	jax	python AST import
tests/snapshots/expected/jax_qwen_ops.py	imports	jax.nn	python AST import
tests/snapshots/expected/jax_qwen_ops.py	imports	jax.numpy	python AST import
tests/snapshots/expected/jax_qwen_ops.py	imports	numpy	python AST import
tests/snapshots/expected/mlx_gather_slice.py	imports	__future__	python AST import
tests/snapshots/expected/mlx_gather_slice.py	imports	mlx.core	python AST import
tests/snapshots/expected/mlx_gather_slice.py	imports	numpy	python AST import
tests/snapshots/expected/mlx_layernorm.py	imports	__future__	python AST import
tests/snapshots/expected/mlx_layernorm.py	imports	mlx.core	python AST import
tests/snapshots/expected/mlx_layernorm.py	imports	numpy	python AST import
tests/snapshots/expected/mlx_mlp.py	imports	__future__	python AST import
tests/snapshots/expected/mlx_mlp.py	imports	mlx.core	python AST import
tests/snapshots/expected/mlx_mlp.py	imports	numpy	python AST import
tests/snapshots/expected/mlx_qwen_fused_decoder_ops.py	imports	__future__	python AST import
tests/snapshots/expected/mlx_qwen_fused_decoder_ops.py	imports	mlx.core	python AST import
tests/snapshots/expected/mlx_qwen_fused_decoder_ops.py	imports	numpy	python AST import
tests/snapshots/expected/mlx_qwen_ops.py	imports	__future__	python AST import
tests/snapshots/expected/mlx_qwen_ops.py	imports	mlx.core	python AST import
tests/snapshots/expected/mlx_qwen_ops.py	imports	numpy	python AST import
tests/snapshots/snapshot_utils.py	imports	__future__	python AST import
tests/snapshots/snapshot_utils.py	imports	os	python AST import
tests/snapshots/snapshot_utils.py	imports	pathlib	python AST import
tests/snapshots/test_jax_codegen_gather_slice_snapshot.py	imports	.snapshot_utils	python AST import
tests/snapshots/test_jax_codegen_gather_slice_snapshot.py	imports	__future__	python AST import
tests/snapshots/test_jax_codegen_gather_slice_snapshot.py	imports	tnnx.codegen.jax_codegen	python AST import
tests/snapshots/test_jax_codegen_gather_slice_snapshot.py	imports	tnnx.ir.types	python AST import
tests/snapshots/test_jax_codegen_layernorm_snapshot.py	imports	.snapshot_utils	python AST import
tests/snapshots/test_jax_codegen_layernorm_snapshot.py	imports	__future__	python AST import
tests/snapshots/test_jax_codegen_layernorm_snapshot.py	imports	tnnx.codegen.jax_codegen	python AST import
tests/snapshots/test_jax_codegen_layernorm_snapshot.py	imports	tnnx.ir.types	python AST import
tests/snapshots/test_jax_codegen_snapshot.py	imports	.snapshot_utils	python AST import
tests/snapshots/test_jax_codegen_snapshot.py	imports	__future__	python AST import
tests/snapshots/test_jax_codegen_snapshot.py	imports	tnnx.codegen.jax_codegen	python AST import
tests/snapshots/test_jax_codegen_snapshot.py	imports	tnnx.ir.types	python AST import
tests/snapshots/test_mlx_codegen_gather_slice_snapshot.py	imports	.snapshot_utils	python AST import
tests/snapshots/test_mlx_codegen_gather_slice_snapshot.py	imports	__future__	python AST import
tests/snapshots/test_mlx_codegen_gather_slice_snapshot.py	imports	tnnx.codegen.mlx_codegen	python AST import
tests/snapshots/test_mlx_codegen_gather_slice_snapshot.py	imports	tnnx.ir.types	python AST import
tests/snapshots/test_mlx_codegen_layernorm_snapshot.py	imports	.snapshot_utils	python AST import
tests/snapshots/test_mlx_codegen_layernorm_snapshot.py	imports	__future__	python AST import
tests/snapshots/test_mlx_codegen_layernorm_snapshot.py	imports	tnnx.codegen.mlx_codegen	python AST import
tests/snapshots/test_mlx_codegen_layernorm_snapshot.py	imports	tnnx.ir.types	python AST import
tests/snapshots/test_mlx_codegen_snapshot.py	imports	.snapshot_utils	python AST import
tests/snapshots/test_mlx_codegen_snapshot.py	imports	__future__	python AST import
tests/snapshots/test_mlx_codegen_snapshot.py	imports	tnnx.codegen.mlx_codegen	python AST import
tests/snapshots/test_mlx_codegen_snapshot.py	imports	tnnx.ir.types	python AST import
tests/unit/test_api_manifest.py	imports	__future__	python AST import
tests/unit/test_api_manifest.py	imports	json	python AST import
tests/unit/test_api_manifest.py	imports	numpy	python AST import
tests/unit/test_api_manifest.py	imports	onnx	python AST import
tests/unit/test_api_manifest.py	imports	pathlib	python AST import
tests/unit/test_api_manifest.py	imports	tnnx.api	python AST import
tests/unit/test_api_manifest.py	imports	tnnx.config	python AST import
tests/unit/test_backend_codegen_extended_ops.py	imports	__future__	python AST import
tests/unit/test_backend_codegen_extended_ops.py	imports	tnnx.codegen.jax_codegen	python AST import
tests/unit/test_backend_codegen_extended_ops.py	imports	tnnx.codegen.mlx_codegen	python AST import
tests/unit/test_backend_codegen_extended_ops.py	imports	tnnx.ir.types	python AST import
tests/unit/test_backend_semantic_coverage.py	imports	__future__	python AST import
tests/unit/test_backend_semantic_coverage.py	imports	inspect	python AST import
tests/unit/test_backend_semantic_coverage.py	imports	re	python AST import
tests/unit/test_backend_semantic_coverage.py	imports	tnnx.codegen	python AST import
tests/unit/test_backend_semantic_coverage.py	imports	tnnx.ir.schema	python AST import
tests/unit/test_environment_contract.py	imports	__future__	python AST import
tests/unit/test_environment_contract.py	imports	importlib.metadata	python AST import
tests/unit/test_environment_contract.py	imports	sys	python AST import
tests/unit/test_environment_contract.py	imports	tests	python AST import
tests/unit/test_environment_contract.py	imports	tnnx	python AST import
tests/unit/test_examples_model_zoo_catalog.py	imports	__future__	python AST import
tests/unit/test_examples_model_zoo_catalog.py	imports	examples.model_zoo	python AST import
tests/unit/test_examples_model_zoo_catalog.py	imports	examples.model_zoo.loaders	python AST import
tests/unit/test_examples_model_zoo_catalog.py	imports	pathlib	python AST import
tests/unit/test_examples_model_zoo_catalog.py	imports	pytest	python AST import
tests/unit/test_examples_model_zoo_catalog.py	imports	sys	python AST import
tests/unit/test_examples_model_zoo_smoke.py	imports	__future__	python AST import
tests/unit/test_examples_model_zoo_smoke.py	imports	examples.model_zoo	python AST import
tests/unit/test_examples_model_zoo_smoke.py	imports	pathlib	python AST import
tests/unit/test_examples_model_zoo_smoke.py	imports	sys	python AST import
tests/unit/test_flux_checkpoint_asset_inspection.py	imports	__future__	python AST import
tests/unit/test_flux_checkpoint_asset_inspection.py	imports	examples.flux.transpile_and_generate_jax	python AST import
tests/unit/test_flux_checkpoint_asset_inspection.py	imports	json	python AST import
tests/unit/test_flux_checkpoint_asset_inspection.py	imports	pathlib	python AST import
tests/unit/test_flux_checkpoint_asset_inspection.py	imports	pytest	python AST import
tests/unit/test_flux_checkpoint_asset_inspection.py	imports	sys	python AST import
tests/unit/test_flux_checkpoint_prepare_report.py	imports	__future__	python AST import
tests/unit/test_flux_checkpoint_prepare_report.py	imports	examples.flux.transpile_and_generate_jax	python AST import
tests/unit/test_flux_checkpoint_prepare_report.py	imports	json	python AST import
tests/unit/test_flux_checkpoint_prepare_report.py	imports	pathlib	python AST import
tests/unit/test_flux_checkpoint_prepare_report.py	imports	pytest	python AST import
tests/unit/test_flux_checkpoint_prepare_report.py	imports	sys	python AST import
tests/unit/test_flux_checkpoint_prepare_report.py	imports	types	python AST import
tests/unit/test_flux_checkpoint_prepare_report.py	imports	typing	python AST import
tests/unit/test_flux_fp8_jax_codegen_contract.py	imports	__future__	python AST import
tests/unit/test_flux_fp8_jax_codegen_contract.py	imports	onnx	python AST import
tests/unit/test_flux_fp8_jax_codegen_contract.py	imports	tnnx.codegen.jax_codegen	python AST import
tests/unit/test_flux_fp8_jax_codegen_contract.py	imports	tnnx.ir.types	python AST import
tests/unit/test_flux_prompt_bridge_contract.py	imports	__future__	python AST import
tests/unit/test_flux_prompt_bridge_contract.py	imports	examples.flux.transpile_and_generate_jax	python AST import
tests/unit/test_flux_prompt_bridge_contract.py	imports	numpy	python AST import
tests/unit/test_flux_prompt_bridge_contract.py	imports	pathlib	python AST import
tests/unit/test_flux_prompt_bridge_contract.py	imports	pytest	python AST import
tests/unit/test_flux_prompt_bridge_contract.py	imports	sys	python AST import
tests/unit/test_flux_prompt_npz_contract.py	imports	__future__	python AST import
tests/unit/test_flux_prompt_npz_contract.py	imports	examples.flux.transpile_and_generate_jax	python AST import
tests/unit/test_flux_prompt_npz_contract.py	imports	numpy	python AST import
tests/unit/test_flux_prompt_npz_contract.py	imports	pathlib	python AST import
tests/unit/test_flux_prompt_npz_contract.py	imports	pytest	python AST import
tests/unit/test_flux_prompt_npz_contract.py	imports	sys	python AST import
tests/unit/test_flux_real_component_loader_contract.py	imports	__future__	python AST import
tests/unit/test_flux_real_component_loader_contract.py	imports	examples.flux.source	python AST import
tests/unit/test_flux_real_component_loader_contract.py	imports	pathlib	python AST import
tests/unit/test_flux_real_component_loader_contract.py	imports	sys	python AST import
tests/unit/test_flux_real_component_loader_contract.py	imports	types	python AST import
tests/unit/test_flux_runtime_env_contract.py	imports	__future__	python AST import
tests/unit/test_flux_runtime_env_contract.py	imports	examples.flux.runtime_env	python AST import
tests/unit/test_flux_runtime_env_contract.py	imports	huggingface_hub	python AST import
tests/unit/test_flux_runtime_env_contract.py	imports	pathlib	python AST import
tests/unit/test_flux_runtime_env_contract.py	imports	pytest	python AST import
tests/unit/test_flux_runtime_env_contract.py	imports	sys	python AST import
tests/unit/test_flux_submodule_inventory.py	imports	__future__	python AST import
tests/unit/test_flux_submodule_inventory.py	imports	examples.flux	python AST import
tests/unit/test_flux_submodule_inventory.py	imports	examples.flux.source	python AST import
tests/unit/test_flux_submodule_inventory.py	imports	pathlib	python AST import
tests/unit/test_flux_submodule_inventory.py	imports	sys	python AST import
tests/unit/test_flux_submodule_inventory.py	imports	typing	python AST import
tests/unit/test_flux_token_ids_npz_contract.py	imports	__future__	python AST import
tests/unit/test_flux_token_ids_npz_contract.py	imports	examples.flux.transpile_and_generate_jax	python AST import
tests/unit/test_flux_token_ids_npz_contract.py	imports	numpy	python AST import
tests/unit/test_flux_token_ids_npz_contract.py	imports	pathlib	python AST import
tests/unit/test_flux_token_ids_npz_contract.py	imports	pytest	python AST import
tests/unit/test_flux_token_ids_npz_contract.py	imports	sys	python AST import
tests/unit/test_initializer_extraction.py	imports	__future__	python AST import
tests/unit/test_initializer_extraction.py	imports	numpy	python AST import
tests/unit/test_initializer_extraction.py	imports	onnx	python AST import
tests/unit/test_initializer_extraction.py	imports	tnnx.ingest.onnx_reader	python AST import
tests/unit/test_ir_roundtrip.py	imports	__future__	python AST import
tests/unit/test_ir_roundtrip.py	imports	tnnx.ir.serde	python AST import
tests/unit/test_ir_roundtrip.py	imports	tnnx.ir.types	python AST import
tests/unit/test_ir_validation.py	imports	__future__	python AST import
tests/unit/test_ir_validation.py	imports	pytest	python AST import
tests/unit/test_ir_validation.py	imports	tnnx.ir.schema	python AST import
tests/unit/test_ir_validation.py	imports	tnnx.ir.types	python AST import
tests/unit/test_jax_codegen_bfloat16.py	imports	__future__	python AST import
tests/unit/test_jax_codegen_bfloat16.py	imports	tnnx.codegen.jax_codegen	python AST import
tests/unit/test_jax_codegen_bfloat16.py	imports	tnnx.ir.types	python AST import
tests/unit/test_jax_codegen_instance_norm.py	imports	__future__	python AST import
tests/unit/test_jax_codegen_instance_norm.py	imports	tnnx.codegen.jax_codegen	python AST import
tests/unit/test_jax_codegen_instance_norm.py	imports	tnnx.ir.types	python AST import
tests/unit/test_jax_codegen_reciprocal_squeeze.py	imports	__future__	python AST import
tests/unit/test_jax_codegen_reciprocal_squeeze.py	imports	tnnx.codegen.jax_codegen	python AST import
tests/unit/test_jax_codegen_reciprocal_squeeze.py	imports	tnnx.ir.types	python AST import
tests/unit/test_jax_codegen_reshape_contract.py	imports	__future__	python AST import
tests/unit/test_jax_codegen_reshape_contract.py	imports	numpy	python AST import
tests/unit/test_jax_codegen_reshape_contract.py	imports	pytest	python AST import
tests/unit/test_jax_codegen_reshape_contract.py	imports	tnnx.codegen.jax_codegen	python AST import
tests/unit/test_jax_codegen_reshape_contract.py	imports	tnnx.ir.types	python AST import
tests/unit/test_jax_codegen_topology_contract.py	imports	__future__	python AST import
tests/unit/test_jax_codegen_topology_contract.py	imports	tnnx.codegen.jax_codegen	python AST import
tests/unit/test_jax_codegen_topology_contract.py	imports	tnnx.codegen.mlx_codegen	python AST import
tests/unit/test_jax_codegen_topology_contract.py	imports	tnnx.ir.types	python AST import
tests/unit/test_loc_budget.py	imports	pathlib	python AST import
tests/unit/test_mlx_codegen_instance_norm.py	imports	__future__	python AST import
tests/unit/test_mlx_codegen_instance_norm.py	imports	tnnx.codegen.mlx_codegen	python AST import
tests/unit/test_mlx_codegen_instance_norm.py	imports	tnnx.ir.types	python AST import
tests/unit/test_mlx_conv_padding_validation.py	imports	__future__	python AST import
tests/unit/test_mlx_conv_padding_validation.py	imports	pytest	python AST import
tests/unit/test_mlx_conv_padding_validation.py	imports	tnnx.codegen.mlx_codegen	python AST import
tests/unit/test_mlx_conv_padding_validation.py	imports	tnnx.ir.types	python AST import
tests/unit/test_onnx_dtype_mapping.py	imports	__future__	python AST import
tests/unit/test_onnx_dtype_mapping.py	imports	onnx	python AST import
tests/unit/test_onnx_dtype_mapping.py	imports	pytest	python AST import
tests/unit/test_onnx_dtype_mapping.py	imports	tnnx.ingest.dtypes	python AST import
tests/unit/test_onnx_shape_inference_diagnostics.py	imports	__future__	python AST import
tests/unit/test_onnx_shape_inference_diagnostics.py	imports	onnx	python AST import
tests/unit/test_onnx_shape_inference_diagnostics.py	imports	pathlib	python AST import
tests/unit/test_onnx_shape_inference_diagnostics.py	imports	pytest	python AST import
tests/unit/test_onnx_shape_inference_diagnostics.py	imports	tnnx.ingest.onnx_reader	python AST import
tests/unit/test_op_mapping.py	imports	__future__	python AST import
tests/unit/test_op_mapping.py	imports	tnnx.ingest.op_map	python AST import
tests/unit/test_prune_pass.py	imports	__future__	python AST import
tests/unit/test_prune_pass.py	imports	tnnx.ir.types	python AST import
tests/unit/test_prune_pass.py	imports	tnnx.passes.prune	python AST import
tests/unit/test_qwen_runtime_env_contract.py	imports	__future__	python AST import
tests/unit/test_qwen_runtime_env_contract.py	imports	examples.qwen	python AST import
tests/unit/test_qwen_runtime_env_contract.py	imports	huggingface_hub	python AST import
tests/unit/test_qwen_runtime_env_contract.py	imports	pathlib	python AST import
tests/unit/test_qwen_runtime_env_contract.py	imports	pytest	python AST import
tests/unit/test_qwen_runtime_env_contract.py	imports	sys	python AST import
tests/unit/test_shape_prop.py	imports	__future__	python AST import
tests/unit/test_shape_prop.py	imports	tnnx.ir.types	python AST import
tests/unit/test_shape_prop.py	imports	tnnx.passes.shape_prop	python AST import
tests/unit/test_topological_emit_order.py	imports	__future__	python AST import
tests/unit/test_topological_emit_order.py	imports	tnnx.codegen.common	python AST import
tests/unit/test_topological_emit_order.py	imports	tnnx.ir.types	python AST import
tests/unit/test_unsupported_op_error.py	imports	__future__	python AST import
tests/unit/test_unsupported_op_error.py	imports	onnx	python AST import
tests/unit/test_unsupported_op_error.py	imports	pytest	python AST import
tests/unit/test_unsupported_op_error.py	imports	tnnx.ingest.onnx_reader	python AST import
tests/unit/test_weight_loader_contract.py	imports	__future__	python AST import
tests/unit/test_weight_loader_contract.py	imports	numpy	python AST import
tests/unit/test_weight_loader_contract.py	imports	tnnx.runtime.weights	python AST import
tests/unit/test_whisper_audio_ffmpeg.py	imports	__future__	python AST import
tests/unit/test_whisper_audio_ffmpeg.py	imports	examples.whisper_audio	python AST import
tests/unit/test_whisper_audio_ffmpeg.py	imports	pathlib	python AST import
tests/unit/test_whisper_audio_ffmpeg.py	imports	pytest	python AST import
tests/unit/test_whisper_audio_ffmpeg.py	imports	subprocess	python AST import
tests/unit/test_whisper_audio_ffmpeg.py	imports	sys	python AST import
