path	subsystem	purpose	dynamic_use_evidence	disposition	confidence	owner	tasks	context_pages
.agents/skills/tnnx-examples-model-zoo/SKILL.md	repo-process	Repository configuration/process file	import/entry/test/docs grep; see code_index.json and graph_edges.tsv	KEEP	HIGH	tnnx-test-quality	none	docs/llm_context/index.md
.agents/skills/tnnx-graph-passes/SKILL.md	repo-process	Repository configuration/process file	import/entry/test/docs grep; see code_index.json and graph_edges.tsv	KEEP	HIGH	tnnx-test-quality	none	docs/llm_context/index.md
.agents/skills/tnnx-ingest-ir/SKILL.md	repo-process	Repository configuration/process file	import/entry/test/docs grep; see code_index.json and graph_edges.tsv	KEEP	HIGH	tnnx-test-quality	none	docs/llm_context/index.md
.agents/skills/tnnx-jax-codegen/SKILL.md	repo-process	Repository configuration/process file	import/entry/test/docs grep; see code_index.json and graph_edges.tsv	KEEP	HIGH	tnnx-test-quality	none	docs/llm_context/index.md
.agents/skills/tnnx-mlx-codegen/SKILL.md	repo-process	Repository configuration/process file	import/entry/test/docs grep; see code_index.json and graph_edges.tsv	KEEP	HIGH	tnnx-test-quality	none	docs/llm_context/index.md
.agents/skills/tnnx-test-quality/SKILL.md	repo-process	Repository configuration/process file	import/entry/test/docs grep; see code_index.json and graph_edges.tsv	KEEP	HIGH	tnnx-test-quality	none	docs/llm_context/index.md
.agents/templates/checklist.md	repo-process	Repository configuration/process file	import/entry/test/docs grep; see code_index.json and graph_edges.tsv	KEEP	HIGH	tnnx-test-quality	none	docs/llm_context/index.md
.agents/templates/handoff.md	repo-process	Repository configuration/process file	import/entry/test/docs grep; see code_index.json and graph_edges.tsv	KEEP	HIGH	tnnx-test-quality	none	docs/llm_context/index.md
.codex/plans/tnnx_second_pass/BASELINE.md	llm-context-plan	Second-pass audit plan artifact	import/entry/test/docs grep; see code_index.json and graph_edges.tsv	LLM-CONTEXT	HIGH	tnnx-test-quality	T00,T19,T23	docs/llm_context/index.md
.codex/plans/tnnx_second_pass/CONTEXT_PACK_AUDIT.md	llm-context-plan	Second-pass audit plan artifact	import/entry/test/docs grep; see code_index.json and graph_edges.tsv	LLM-CONTEXT	HIGH	tnnx-test-quality	T00,T19,T23	docs/llm_context/index.md
.codex/plans/tnnx_second_pass/FILE_CLASSIFICATION.tsv	llm-context-plan	Second-pass audit plan artifact	import/entry/test/docs grep; see code_index.json and graph_edges.tsv	LLM-CONTEXT	HIGH	tnnx-test-quality	T00,T19,T23	docs/llm_context/index.md
.codex/plans/tnnx_second_pass/FINDINGS.md	llm-context-plan	Second-pass audit plan artifact	import/entry/test/docs grep; see code_index.json and graph_edges.tsv	LLM-CONTEXT	HIGH	tnnx-test-quality	T00,T19,T23	docs/llm_context/index.md
.codex/plans/tnnx_second_pass/INVENTORY.md	llm-context-plan	Second-pass audit plan artifact	import/entry/test/docs grep; see code_index.json and graph_edges.tsv	LLM-CONTEXT	HIGH	tnnx-test-quality	T00,T19,T23	docs/llm_context/index.md
.codex/plans/tnnx_second_pass/METRICS.md	llm-context-plan	Second-pass audit plan artifact	import/entry/test/docs grep; see code_index.json and graph_edges.tsv	LLM-CONTEXT	HIGH	tnnx-test-quality	T00,T19,T23	docs/llm_context/index.md
.codex/plans/tnnx_second_pass/PLAN.md	llm-context-plan	Second-pass audit plan artifact	import/entry/test/docs grep; see code_index.json and graph_edges.tsv	LLM-CONTEXT	HIGH	tnnx-test-quality	T00,T19,T23	docs/llm_context/index.md
.codex/plans/tnnx_second_pass/REMOVAL_AND_SHRINK_MANIFEST.md	llm-context-plan	Second-pass audit plan artifact	import/entry/test/docs grep; see code_index.json and graph_edges.tsv	LLM-CONTEXT	HIGH	tnnx-test-quality	T00,T19,T23	docs/llm_context/index.md
.codex/plans/tnnx_second_pass/REVIEW.md	llm-context-plan	Second-pass audit plan artifact	import/entry/test/docs grep; see code_index.json and graph_edges.tsv	LLM-CONTEXT	HIGH	tnnx-test-quality	T00,T19,T23	docs/llm_context/index.md
.codex/plans/tnnx_second_pass/VALIDATION_MATRIX.md	llm-context-plan	Second-pass audit plan artifact	import/entry/test/docs grep; see code_index.json and graph_edges.tsv	LLM-CONTEXT	HIGH	tnnx-test-quality	T00,T19,T23	docs/llm_context/index.md
.gitignore	repo-config	Repository configuration/process file	import/entry/test/docs grep; see code_index.json and graph_edges.tsv	KEEP	HIGH	tnnx-test-quality	none	docs/llm_context/index.md
.pre-commit-config.yaml	repo-config	Repository configuration/process file	import/entry/test/docs grep; see code_index.json and graph_edges.tsv	KEEP	HIGH	tnnx-test-quality	none	docs/llm_context/index.md
AGENTS.md	repo-process	Repository configuration/process file	import/entry/test/docs grep; see code_index.json and graph_edges.tsv	KEEP	HIGH	tnnx-test-quality	none	docs/llm_context/index.md
README.md	docs	Repository documentation	import/entry/test/docs grep; see code_index.json and graph_edges.tsv	FIX	HIGH	tnnx-test-quality	T09,T10,T23	docs/llm_context/index.md
docs/README.md	docs	Repository documentation	import/entry/test/docs grep; see code_index.json and graph_edges.tsv	FIX	HIGH	tnnx-test-quality	T09,T10,T23	docs/llm_context/index.md
docs/architecture.md	docs	Repository documentation	import/entry/test/docs grep; see code_index.json and graph_edges.tsv	FIX	HIGH	tnnx-test-quality	T09,T10,T23	docs/llm_context/index.md
docs/llm_context/README.md	llm-context-plan	LLM-facing context pack	import/entry/test/docs grep; see code_index.json and graph_edges.tsv	LLM-CONTEXT	HIGH	tnnx-test-quality	T09,T10,T23,T00,T19	docs/llm_context/index.md
docs/llm_context/SCHEMA.md	llm-context-plan	LLM-facing context pack	import/entry/test/docs grep; see code_index.json and graph_edges.tsv	LLM-CONTEXT	HIGH	tnnx-test-quality	T09,T10,T23,T00,T19	docs/llm_context/index.md
docs/llm_context/architecture.md	llm-context-plan	LLM-facing context pack	import/entry/test/docs grep; see code_index.json and graph_edges.tsv	LLM-CONTEXT	HIGH	tnnx-test-quality	T09,T10,T23,T00,T19	docs/llm_context/index.md
docs/llm_context/backends_jax_mlx.md	llm-context-plan	LLM-facing context pack	import/entry/test/docs grep; see code_index.json and graph_edges.tsv	LLM-CONTEXT	HIGH	tnnx-test-quality	T09,T10,T23,T00,T19	docs/llm_context/index.md
docs/llm_context/code_index.json	llm-context-plan	LLM-facing context pack	import/entry/test/docs grep; see code_index.json and graph_edges.tsv	LLM-CONTEXT	HIGH	tnnx-test-quality	T09,T10,T23,T00,T19	docs/llm_context/index.md
docs/llm_context/context_pack_lint.md	llm-context-plan	LLM-facing context pack	import/entry/test/docs grep; see code_index.json and graph_edges.tsv	LLM-CONTEXT	HIGH	tnnx-test-quality	T09,T10,T23,T00,T19	docs/llm_context/index.md
docs/llm_context/dataflow.md	llm-context-plan	LLM-facing context pack	import/entry/test/docs grep; see code_index.json and graph_edges.tsv	LLM-CONTEXT	HIGH	tnnx-test-quality	T09,T10,T23,T00,T19	docs/llm_context/index.md
docs/llm_context/decisions.md	llm-context-plan	LLM-facing context pack	import/entry/test/docs grep; see code_index.json and graph_edges.tsv	LLM-CONTEXT	HIGH	tnnx-test-quality	T09,T10,T23,T00,T19	docs/llm_context/index.md
docs/llm_context/extension_guide.md	llm-context-plan	LLM-facing context pack	import/entry/test/docs grep; see code_index.json and graph_edges.tsv	LLM-CONTEXT	HIGH	tnnx-test-quality	T09,T10,T23,T00,T19	docs/llm_context/index.md
docs/llm_context/graph_edges.tsv	llm-context-plan	LLM-facing context pack	import/entry/test/docs grep; see code_index.json and graph_edges.tsv	LLM-CONTEXT	HIGH	tnnx-test-quality	T09,T10,T23,T00,T19	docs/llm_context/index.md
docs/llm_context/index.md	llm-context-plan	LLM-facing context pack	import/entry/test/docs grep; see code_index.json and graph_edges.tsv	LLM-CONTEXT	HIGH	tnnx-test-quality	T09,T10,T23,T00,T19	docs/llm_context/index.md
docs/llm_context/known_limits.md	llm-context-plan	LLM-facing context pack	import/entry/test/docs grep; see code_index.json and graph_edges.tsv	LLM-CONTEXT	HIGH	tnnx-test-quality	T09,T10,T23,T00,T19	docs/llm_context/index.md
docs/llm_context/log.md	llm-context-plan	LLM-facing context pack	import/entry/test/docs grep; see code_index.json and graph_edges.tsv	LLM-CONTEXT	HIGH	tnnx-test-quality	T09,T10,T23,T00,T19	docs/llm_context/index.md
docs/llm_context/model_zoo.md	llm-context-plan	LLM-facing context pack	import/entry/test/docs grep; see code_index.json and graph_edges.tsv	LLM-CONTEXT	HIGH	tnnx-test-quality	T09,T10,T23,T00,T19	docs/llm_context/index.md
docs/llm_context/operators.md	llm-context-plan	LLM-facing context pack	import/entry/test/docs grep; see code_index.json and graph_edges.tsv	LLM-CONTEXT	HIGH	tnnx-test-quality	T09,T10,T23,T00,T19	docs/llm_context/index.md
docs/llm_context/public_api_cli.md	llm-context-plan	LLM-facing context pack	import/entry/test/docs grep; see code_index.json and graph_edges.tsv	LLM-CONTEXT	HIGH	tnnx-test-quality	T09,T10,T23,T00,T19	docs/llm_context/index.md
docs/llm_context/symbol_index.jsonl	llm-context-plan	LLM-facing context pack	import/entry/test/docs grep; see code_index.json and graph_edges.tsv	LLM-CONTEXT	HIGH	tnnx-test-quality	T09,T10,T23,T00,T19	docs/llm_context/index.md
docs/llm_context/validation.md	llm-context-plan	LLM-facing context pack	import/entry/test/docs grep; see code_index.json and graph_edges.tsv	LLM-CONTEXT	HIGH	tnnx-test-quality	T09,T10,T23,T00,T19	docs/llm_context/index.md
docs/roadmap.md	docs	Repository documentation	import/entry/test/docs grep; see code_index.json and graph_edges.tsv	FIX	HIGH	tnnx-test-quality	T09,T10,T23	docs/llm_context/index.md
examples/README.md	examples-model-zoo	Example model/export/runtime path	import/entry/test/docs grep; see code_index.json and graph_edges.tsv	KEEP	HIGH	tnnx-examples-model-zoo	T11,T12,T22	docs/llm_context/index.md
examples/__init__.py	examples-model-zoo	Example model/export/runtime path	import/entry/test/docs grep; see code_index.json and graph_edges.tsv	KEEP	HIGH	tnnx-examples-model-zoo	T11,T12,T22	docs/llm_context/index.md
examples/common.py	examples-model-zoo	Example model/export/runtime path	import/entry/test/docs grep; see code_index.json and graph_edges.tsv	KEEP	HIGH	tnnx-examples-model-zoo	T11,T12,T22	docs/llm_context/index.md
examples/flux/README.md	examples-model-zoo	FLUX reduced and snapshot-gated JAX example lane	import/entry/test/docs grep; see code_index.json and graph_edges.tsv	VERIFY	MEDIUM	tnnx-examples-model-zoo	T11,T12,T22	docs/llm_context/index.md
examples/flux/__init__.py	examples-model-zoo	FLUX reduced and snapshot-gated JAX example lane	import/entry/test/docs grep; see code_index.json and graph_edges.tsv	VERIFY	MEDIUM	tnnx-examples-model-zoo	T11,T12,T22	docs/llm_context/index.md
examples/flux/jax_backend_notes.md	examples-model-zoo	FLUX reduced and snapshot-gated JAX example lane	import/entry/test/docs grep; see code_index.json and graph_edges.tsv	VERIFY	MEDIUM	tnnx-examples-model-zoo	T11,T12,T22	docs/llm_context/index.md
examples/flux/required_models.md	examples-model-zoo	FLUX reduced and snapshot-gated JAX example lane	import/entry/test/docs grep; see code_index.json and graph_edges.tsv	VERIFY	MEDIUM	tnnx-examples-model-zoo	T11,T12,T22	docs/llm_context/index.md
examples/flux/runtime_env.py	examples-model-zoo	FLUX reduced and snapshot-gated JAX example lane	import/entry/test/docs grep; see code_index.json and graph_edges.tsv	VERIFY	MEDIUM	tnnx-examples-model-zoo	T11,T12,T22	docs/llm_context/index.md
examples/flux/snapshot_setup.md	examples-model-zoo	FLUX reduced and snapshot-gated JAX example lane	import/entry/test/docs grep; see code_index.json and graph_edges.tsv	VERIFY	MEDIUM	tnnx-examples-model-zoo	T11,T12,T22	docs/llm_context/index.md
examples/flux/source.py	examples-model-zoo	FLUX reduced and snapshot-gated JAX example lane	import/entry/test/docs grep; see code_index.json and graph_edges.tsv	VERIFY	MEDIUM	tnnx-examples-model-zoo	T11,T12,T22	docs/llm_context/index.md
examples/flux/submodule_plan.md	examples-model-zoo	FLUX reduced and snapshot-gated JAX example lane	import/entry/test/docs grep; see code_index.json and graph_edges.tsv	VERIFY	MEDIUM	tnnx-examples-model-zoo	T11,T12,T22	docs/llm_context/index.md
examples/flux/transpile_and_generate_jax.py	examples-model-zoo	FLUX reduced and snapshot-gated JAX example lane	import/entry/test/docs grep; see code_index.json and graph_edges.tsv	VERIFY	MEDIUM	tnnx-examples-model-zoo	T11,T12,T22	docs/llm_context/index.md
examples/model_conv.py	examples-model-zoo	Example model/export/runtime path	import/entry/test/docs grep; see code_index.json and graph_edges.tsv	KEEP	HIGH	tnnx-examples-model-zoo	T11,T12,T22	docs/llm_context/index.md
examples/model_mlp.py	examples-model-zoo	Example model/export/runtime path	import/entry/test/docs grep; see code_index.json and graph_edges.tsv	KEEP	HIGH	tnnx-examples-model-zoo	T11,T12,T22	docs/llm_context/index.md
examples/model_nanogpt_tiny.py	examples-model-zoo	Example model/export/runtime path	import/entry/test/docs grep; see code_index.json and graph_edges.tsv	KEEP	HIGH	tnnx-examples-model-zoo	T11,T12,T22	docs/llm_context/index.md
examples/model_residual.py	examples-model-zoo	Example model/export/runtime path	import/entry/test/docs grep; see code_index.json and graph_edges.tsv	KEEP	HIGH	tnnx-examples-model-zoo	T11,T12,T22	docs/llm_context/index.md
examples/model_whisper_tiny.py	examples-model-zoo	Example model/export/runtime path	import/entry/test/docs grep; see code_index.json and graph_edges.tsv	KEEP	HIGH	tnnx-examples-model-zoo	T11,T12,T22	docs/llm_context/index.md
examples/model_zoo/README.md	examples-model-zoo	Model-zoo catalog and smoke runner	import/entry/test/docs grep; see code_index.json and graph_edges.tsv	KEEP	HIGH	tnnx-examples-model-zoo	T11,T12,T22	docs/llm_context/index.md
examples/model_zoo/__init__.py	examples-model-zoo	Model-zoo catalog and smoke runner	import/entry/test/docs grep; see code_index.json and graph_edges.tsv	KEEP	HIGH	tnnx-examples-model-zoo	T11,T12,T22	docs/llm_context/index.md
examples/model_zoo/catalog.py	examples-model-zoo	Model-zoo catalog and smoke runner	import/entry/test/docs grep; see code_index.json and graph_edges.tsv	KEEP	HIGH	tnnx-examples-model-zoo	T11,T12,T22	docs/llm_context/index.md
examples/model_zoo/check_compatibility.py	examples-model-zoo	Model-zoo catalog and smoke runner	import/entry/test/docs grep; see code_index.json and graph_edges.tsv	KEEP	HIGH	tnnx-examples-model-zoo	T11,T12,T22	docs/llm_context/index.md
examples/model_zoo/compatibility.py	examples-model-zoo	Model-zoo catalog and smoke runner	import/entry/test/docs grep; see code_index.json and graph_edges.tsv	KEEP	HIGH	tnnx-examples-model-zoo	T11,T12,T22	docs/llm_context/index.md
examples/model_zoo/list_models.py	examples-model-zoo	Model-zoo catalog and smoke runner	import/entry/test/docs grep; see code_index.json and graph_edges.tsv	KEEP	HIGH	tnnx-examples-model-zoo	T11,T12,T22	docs/llm_context/index.md
examples/model_zoo/loaders.py	examples-model-zoo	Model-zoo catalog and smoke runner	import/entry/test/docs grep; see code_index.json and graph_edges.tsv	KEEP	HIGH	tnnx-examples-model-zoo	T11,T12,T22	docs/llm_context/index.md
examples/model_zoo/smoke.py	examples-model-zoo	Model-zoo catalog and smoke runner	import/entry/test/docs grep; see code_index.json and graph_edges.tsv	KEEP	HIGH	tnnx-examples-model-zoo	T11,T12,T22	docs/llm_context/index.md
examples/model_zoo/transpile_smoke.py	examples-model-zoo	Model-zoo catalog and smoke runner	import/entry/test/docs grep; see code_index.json and graph_edges.tsv	KEEP	HIGH	tnnx-examples-model-zoo	T11,T12,T22	docs/llm_context/index.md
examples/nanogpt/README.md	examples-model-zoo	Example model/export/runtime path	import/entry/test/docs grep; see code_index.json and graph_edges.tsv	KEEP	HIGH	tnnx-examples-model-zoo	T11,T12,T22	docs/llm_context/index.md
examples/nanogpt/__init__.py	examples-model-zoo	Example model/export/runtime path	import/entry/test/docs grep; see code_index.json and graph_edges.tsv	KEEP	HIGH	tnnx-examples-model-zoo	T11,T12,T22	docs/llm_context/index.md
examples/nanogpt/infer_gpt2_from_transformers_jax.py	examples-model-zoo	Example model/export/runtime path	import/entry/test/docs grep; see code_index.json and graph_edges.tsv	KEEP	HIGH	tnnx-examples-model-zoo	T11,T12,T22	docs/llm_context/index.md
examples/nanogpt/out/.gitkeep	examples-model-zoo	Example model/export/runtime path	import/entry/test/docs grep; see code_index.json and graph_edges.tsv	KEEP	HIGH	tnnx-examples-model-zoo	T11,T12,T22	docs/llm_context/index.md
examples/nanogpt/train_nanogpt_tiny.py	examples-model-zoo	Example model/export/runtime path	import/entry/test/docs grep; see code_index.json and graph_edges.tsv	KEEP	HIGH	tnnx-examples-model-zoo	T11,T12,T22	docs/llm_context/index.md
examples/nanogpt/utils.py	examples-model-zoo	Example model/export/runtime path	import/entry/test/docs grep; see code_index.json and graph_edges.tsv	KEEP	HIGH	tnnx-examples-model-zoo	T11,T12,T22	docs/llm_context/index.md
examples/out/.gitkeep	examples-model-zoo	Example model/export/runtime path	import/entry/test/docs grep; see code_index.json and graph_edges.tsv	KEEP	HIGH	tnnx-examples-model-zoo	T11,T12,T22	docs/llm_context/index.md
examples/qwen/README.md	examples-model-zoo	Qwen3.5 JAX/MLX example lane	import/entry/test/docs grep; see code_index.json and graph_edges.tsv	VERIFY	MEDIUM	tnnx-examples-model-zoo	T11,T12,T22	docs/llm_context/index.md
examples/qwen/__init__.py	examples-model-zoo	Qwen3.5 JAX/MLX example lane	import/entry/test/docs grep; see code_index.json and graph_edges.tsv	VERIFY	MEDIUM	tnnx-examples-model-zoo	T11,T12,T22	docs/llm_context/index.md
examples/qwen/infer_qwen3_5_from_transformers_jax.py	examples-model-zoo	Qwen3.5 JAX/MLX example lane	import/entry/test/docs grep; see code_index.json and graph_edges.tsv	VERIFY	MEDIUM	tnnx-examples-model-zoo	T11,T12,T22	docs/llm_context/index.md
examples/qwen/infer_qwen3_5_from_transformers_mlx.py	examples-model-zoo	Qwen3.5 JAX/MLX example lane	import/entry/test/docs grep; see code_index.json and graph_edges.tsv	VERIFY	MEDIUM	tnnx-examples-model-zoo	T11,T12,T22	docs/llm_context/index.md
examples/run_flux_jax.py	examples-model-zoo	Example model/export/runtime path	import/entry/test/docs grep; see code_index.json and graph_edges.tsv	KEEP	HIGH	tnnx-examples-model-zoo	T11,T12,T22	docs/llm_context/index.md
examples/run_nanogpt_tiny_jax.py	examples-model-zoo	Example model/export/runtime path	import/entry/test/docs grep; see code_index.json and graph_edges.tsv	KEEP	HIGH	tnnx-examples-model-zoo	T11,T12,T22	docs/llm_context/index.md
examples/run_whisper_tiny_mlx.py	examples-model-zoo	Example model/export/runtime path	import/entry/test/docs grep; see code_index.json and graph_edges.tsv	KEEP	HIGH	tnnx-examples-model-zoo	T11,T12,T22	docs/llm_context/index.md
examples/terminator.mp3	examples-model-zoo	Example model/export/runtime path	import/entry/test/docs grep; see code_index.json and graph_edges.tsv	THIRD-PARTY/NOTICE	MEDIUM	tnnx-examples-model-zoo	T11,T12,T22	docs/llm_context/index.md
examples/whisper_audio/README.md	examples-model-zoo	Whisper audio MLX transcription lane	import/entry/test/docs grep; see code_index.json and graph_edges.tsv	VERIFY	MEDIUM	tnnx-examples-model-zoo	T11,T12,T22	docs/llm_context/index.md
examples/whisper_audio/__init__.py	examples-model-zoo	Whisper audio MLX transcription lane	import/entry/test/docs grep; see code_index.json and graph_edges.tsv	VERIFY	MEDIUM	tnnx-examples-model-zoo	T11,T12,T22	docs/llm_context/index.md
examples/whisper_audio/assets/mel_filters.npz	examples-model-zoo	Whisper audio MLX transcription lane	import/entry/test/docs grep; see code_index.json and graph_edges.tsv	THIRD-PARTY/NOTICE	MEDIUM	tnnx-examples-model-zoo	T11,T12,T22	docs/llm_context/index.md
examples/whisper_audio/out/.gitkeep	examples-model-zoo	Whisper audio MLX transcription lane	import/entry/test/docs grep; see code_index.json and graph_edges.tsv	VERIFY	MEDIUM	tnnx-examples-model-zoo	T11,T12,T22	docs/llm_context/index.md
examples/whisper_audio/runtime_env.py	examples-model-zoo	Whisper audio MLX transcription lane	import/entry/test/docs grep; see code_index.json and graph_edges.tsv	VERIFY	MEDIUM	tnnx-examples-model-zoo	T11,T12,T22	docs/llm_context/index.md
examples/whisper_audio/transcribe_with_mlx_whisper.py	examples-model-zoo	Whisper audio MLX transcription lane	import/entry/test/docs grep; see code_index.json and graph_edges.tsv	VERIFY	MEDIUM	tnnx-examples-model-zoo	T11,T12,T22	docs/llm_context/index.md
examples/whisper_audio/transpile_and_transcribe.py	examples-model-zoo	Whisper audio MLX transcription lane	import/entry/test/docs grep; see code_index.json and graph_edges.tsv	VERIFY	MEDIUM	tnnx-examples-model-zoo	T11,T12,T22	docs/llm_context/index.md
examples/whisper_audio/whisper_hf_tiny_source.py	examples-model-zoo	Whisper audio MLX transcription lane	import/entry/test/docs grep; see code_index.json and graph_edges.tsv	VERIFY	MEDIUM	tnnx-examples-model-zoo	T11,T12,T22	docs/llm_context/index.md
llms.txt	llm-context-plan	Repository configuration/process file	import/entry/test/docs grep; see code_index.json and graph_edges.tsv	LLM-CONTEXT	HIGH	tnnx-test-quality	T00,T19,T23	docs/llm_context/index.md
pyproject.toml	repo-config	Repository configuration/process file	import/entry/test/docs grep; see code_index.json and graph_edges.tsv	FIX	HIGH	tnnx-test-quality	T01,T02,T15	docs/llm_context/index.md
scripts/check.sh	scripts	Repository configuration/process file	import/entry/test/docs grep; see code_index.json and graph_edges.tsv	KEEP	HIGH	tnnx-test-quality	none	docs/llm_context/index.md
scripts/research/adaptfm_cases.py	research-scripts	Research or benchmark script; verify before retaining	import/entry/test/docs grep; see code_index.json and graph_edges.tsv	VERIFY	MEDIUM	tnnx-test-quality	T13	docs/llm_context/index.md
scripts/research/adaptfm_evidence.py	research-scripts	Research or benchmark script; verify before retaining	import/entry/test/docs grep; see code_index.json and graph_edges.tsv	VERIFY	MEDIUM	tnnx-test-quality	T13	docs/llm_context/index.md
scripts/research/check_anonymity.py	research-scripts	Research or benchmark script; verify before retaining	import/entry/test/docs grep; see code_index.json and graph_edges.tsv	VERIFY	MEDIUM	tnnx-test-quality	T13	docs/llm_context/index.md
scripts/research/deterministic_artifacts.py	research-scripts	Research or benchmark script; verify before retaining	import/entry/test/docs grep; see code_index.json and graph_edges.tsv	VERIFY	MEDIUM	tnnx-test-quality	T13	docs/llm_context/index.md
scripts/research/hot_model_benchmarks.py	research-scripts	Research or benchmark script; verify before retaining	import/entry/test/docs grep; see code_index.json and graph_edges.tsv	VERIFY	MEDIUM	tnnx-test-quality	T13	docs/llm_context/index.md
scripts/research/jax_metal_runtime_probe.py	research-scripts	Research or benchmark script; verify before retaining	import/entry/test/docs grep; see code_index.json and graph_edges.tsv	VERIFY	MEDIUM	tnnx-test-quality	T13	docs/llm_context/index.md
scripts/research/pass_ablation.py	research-scripts	Research or benchmark script; verify before retaining	import/entry/test/docs grep; see code_index.json and graph_edges.tsv	VERIFY	MEDIUM	tnnx-test-quality	T13	docs/llm_context/index.md
scripts/research/qwen_error_probe.py	research-scripts	Research or benchmark script; verify before retaining	import/entry/test/docs grep; see code_index.json and graph_edges.tsv	VERIFY	MEDIUM	tnnx-test-quality	T13	docs/llm_context/index.md
scripts/research/tnnx_evidence.py	research-scripts	Research or benchmark script; verify before retaining	import/entry/test/docs grep; see code_index.json and graph_edges.tsv	VERIFY	MEDIUM	tnnx-test-quality	T13	docs/llm_context/index.md
scripts/research/validate_equivalence.py	research-scripts	Research or benchmark script; verify before retaining	import/entry/test/docs grep; see code_index.json and graph_edges.tsv	VERIFY	MEDIUM	tnnx-test-quality	T13	docs/llm_context/index.md
src/tnnx/__init__.py	public-runtime	Repository configuration/process file	import/entry/test/docs grep; see code_index.json and graph_edges.tsv	KEEP	HIGH	tnnx-test-quality	none	docs/llm_context/index.md
src/tnnx/api.py	public-runtime	Public transpile orchestration	import/entry/test/docs grep; see code_index.json and graph_edges.tsv	KEEP	HIGH	tnnx-test-quality	T05	docs/llm_context/index.md
src/tnnx/cli.py	public-runtime	Console parser and command entrypoint	import/entry/test/docs grep; see code_index.json and graph_edges.tsv	KEEP	HIGH	tnnx-test-quality	T05	docs/llm_context/index.md
src/tnnx/codegen/__init__.py	codegen-common	Shared codegen helpers	import/entry/test/docs grep; see code_index.json and graph_edges.tsv	KEEP	HIGH	tnnx-jax-codegen/tnnx-mlx-codegen	none	docs/llm_context/index.md
src/tnnx/codegen/common.py	codegen-common	Shared codegen helpers	import/entry/test/docs grep; see code_index.json and graph_edges.tsv	SHRINK	MEDIUM	tnnx-jax-codegen/tnnx-mlx-codegen	T17	docs/llm_context/index.md
src/tnnx/codegen/jax_codegen.py	jax-codegen	JAX generated Python backend	import/entry/test/docs grep; see code_index.json and graph_edges.tsv	SHRINK	MEDIUM	tnnx-jax-codegen	T14,T20	docs/llm_context/index.md
src/tnnx/codegen/mlx_codegen.py	mlx-codegen	MLX generated Python backend	import/entry/test/docs grep; see code_index.json and graph_edges.tsv	SHRINK	MEDIUM	tnnx-mlx-codegen	T04,T14,T20	docs/llm_context/index.md
src/tnnx/config.py	public-runtime	Repository configuration/process file	import/entry/test/docs grep; see code_index.json and graph_edges.tsv	FIX	HIGH	tnnx-test-quality	T05	docs/llm_context/index.md
src/tnnx/ingest/__init__.py	ingest-ir	ONNX ingest, dtype, shape hint, and op mapping	import/entry/test/docs grep; see code_index.json and graph_edges.tsv	KEEP	HIGH	tnnx-ingest-ir	T06,T16	docs/llm_context/index.md
src/tnnx/ingest/dtypes.py	ingest-ir	ONNX ingest, dtype, shape hint, and op mapping	import/entry/test/docs grep; see code_index.json and graph_edges.tsv	KEEP	HIGH	tnnx-ingest-ir	T06,T16	docs/llm_context/index.md
src/tnnx/ingest/onnx_reader.py	ingest-ir	ONNX ingest, dtype, shape hint, and op mapping	import/entry/test/docs grep; see code_index.json and graph_edges.tsv	KEEP	HIGH	tnnx-ingest-ir	T06,T16	docs/llm_context/index.md
src/tnnx/ingest/op_map.py	ingest-ir	ONNX ingest, dtype, shape hint, and op mapping	import/entry/test/docs grep; see code_index.json and graph_edges.tsv	KEEP	HIGH	tnnx-ingest-ir	T06,T16	docs/llm_context/index.md
src/tnnx/ingest/shape_hints.py	ingest-ir	ONNX ingest, dtype, shape hint, and op mapping	import/entry/test/docs grep; see code_index.json and graph_edges.tsv	KEEP	HIGH	tnnx-ingest-ir	T06,T16	docs/llm_context/index.md
src/tnnx/ir/__init__.py	ingest-ir	GraphIR data model, validation, and serialization	import/entry/test/docs grep; see code_index.json and graph_edges.tsv	KEEP	HIGH	tnnx-ingest-ir	T08	docs/llm_context/index.md
src/tnnx/ir/schema.py	ingest-ir	GraphIR data model, validation, and serialization	import/entry/test/docs grep; see code_index.json and graph_edges.tsv	KEEP	HIGH	tnnx-ingest-ir	T08	docs/llm_context/index.md
src/tnnx/ir/serde.py	ingest-ir	GraphIR data model, validation, and serialization	import/entry/test/docs grep; see code_index.json and graph_edges.tsv	KEEP	HIGH	tnnx-ingest-ir	T08	docs/llm_context/index.md
src/tnnx/ir/types.py	ingest-ir	GraphIR data model, validation, and serialization	import/entry/test/docs grep; see code_index.json and graph_edges.tsv	KEEP	HIGH	tnnx-ingest-ir	T08	docs/llm_context/index.md
src/tnnx/passes/__init__.py	graph-passes	Graph normalization, pruning, and shape propagation passes	import/entry/test/docs grep; see code_index.json and graph_edges.tsv	KEEP	HIGH	tnnx-graph-passes	none	docs/llm_context/index.md
src/tnnx/passes/normalize.py	graph-passes	Graph normalization, pruning, and shape propagation passes	import/entry/test/docs grep; see code_index.json and graph_edges.tsv	KEEP	HIGH	tnnx-graph-passes	none	docs/llm_context/index.md
src/tnnx/passes/prune.py	graph-passes	Graph normalization, pruning, and shape propagation passes	import/entry/test/docs grep; see code_index.json and graph_edges.tsv	FIX	HIGH	tnnx-graph-passes	T07	docs/llm_context/index.md
src/tnnx/passes/shape_prop.py	graph-passes	Graph normalization, pruning, and shape propagation passes	import/entry/test/docs grep; see code_index.json and graph_edges.tsv	KEEP	HIGH	tnnx-graph-passes	none	docs/llm_context/index.md
src/tnnx/runtime/__init__.py	public-runtime	Repository configuration/process file	import/entry/test/docs grep; see code_index.json and graph_edges.tsv	KEEP	HIGH	tnnx-test-quality	none	docs/llm_context/index.md
src/tnnx/runtime/weights.py	public-runtime	Repository configuration/process file	import/entry/test/docs grep; see code_index.json and graph_edges.tsv	KEEP	HIGH	tnnx-test-quality	none	docs/llm_context/index.md
src/tnnx/utils/__init__.py	public-runtime	Repository configuration/process file	import/entry/test/docs grep; see code_index.json and graph_edges.tsv	VERIFY	MEDIUM	tnnx-test-quality	T17	docs/llm_context/index.md
src/tnnx/utils/deterministic.py	public-runtime	Repository configuration/process file	import/entry/test/docs grep; see code_index.json and graph_edges.tsv	VERIFY	MEDIUM	tnnx-test-quality	T17	docs/llm_context/index.md
src/tnnx/utils/errors.py	public-runtime	Repository configuration/process file	import/entry/test/docs grep; see code_index.json and graph_edges.tsv	VERIFY	MEDIUM	tnnx-test-quality	T17	docs/llm_context/index.md
tests/__init__.py	tests	Regression, parity, snapshot, or environment gate	import/entry/test/docs grep; see code_index.json and graph_edges.tsv	KEEP	HIGH	tnnx-test-quality	none	docs/llm_context/index.md
tests/_support/__init__.py	tests	Regression, parity, snapshot, or environment gate	import/entry/test/docs grep; see code_index.json and graph_edges.tsv	KEEP	HIGH	tnnx-test-quality	none	docs/llm_context/index.md
tests/_support/flux.py	tests	Regression, parity, snapshot, or environment gate	import/entry/test/docs grep; see code_index.json and graph_edges.tsv	KEEP	HIGH	tnnx-test-quality	none	docs/llm_context/index.md
tests/integration/test_cli_transpile_custom_artifacts.py	tests	Regression, parity, snapshot, or environment gate	import/entry/test/docs grep; see code_index.json and graph_edges.tsv	KEEP	HIGH	tnnx-test-quality	none	docs/llm_context/index.md
tests/integration/test_cli_transpile_jax.py	tests	Regression, parity, snapshot, or environment gate	import/entry/test/docs grep; see code_index.json and graph_edges.tsv	KEEP	HIGH	tnnx-test-quality	none	docs/llm_context/index.md
tests/integration/test_cli_transpile_mlx.py	tests	Regression, parity, snapshot, or environment gate	import/entry/test/docs grep; see code_index.json and graph_edges.tsv	KEEP	HIGH	tnnx-test-quality	none	docs/llm_context/index.md
tests/integration/test_deterministic_artifacts.py	tests	Regression, parity, snapshot, or environment gate	import/entry/test/docs grep; see code_index.json and graph_edges.tsv	KEEP	HIGH	tnnx-test-quality	none	docs/llm_context/index.md
tests/integration/test_examples_export_cli.py	tests	Regression, parity, snapshot, or environment gate	import/entry/test/docs grep; see code_index.json and graph_edges.tsv	KEEP	HIGH	tnnx-test-quality	none	docs/llm_context/index.md
tests/integration/test_extended_ops_runtime_parity.py	tests	Regression, parity, snapshot, or environment gate	import/entry/test/docs grep; see code_index.json and graph_edges.tsv	KEEP	HIGH	tnnx-test-quality	none	docs/llm_context/index.md
tests/integration/test_flux_fp8_jax_runtime_parity.py	tests	Regression, parity, snapshot, or environment gate	import/entry/test/docs grep; see code_index.json and graph_edges.tsv	FIX	HIGH	tnnx-test-quality	T01,T11,T21	docs/llm_context/index.md
tests/integration/test_flux_jax_cli_prompt_npz.py	tests	Regression, parity, snapshot, or environment gate	import/entry/test/docs grep; see code_index.json and graph_edges.tsv	FIX	HIGH	tnnx-test-quality	T01,T11,T21	docs/llm_context/index.md
tests/integration/test_flux_jax_dummy_flux2_smoke.py	tests	Regression, parity, snapshot, or environment gate	import/entry/test/docs grep; see code_index.json and graph_edges.tsv	FIX	HIGH	tnnx-test-quality	T01,T11,T21	docs/llm_context/index.md
tests/integration/test_flux_jax_image_smoke.py	tests	Regression, parity, snapshot, or environment gate	import/entry/test/docs grep; see code_index.json and graph_edges.tsv	FIX	HIGH	tnnx-test-quality	T01,T11,T21	docs/llm_context/index.md
tests/integration/test_flux_jax_prompt_injection.py	tests	Regression, parity, snapshot, or environment gate	import/entry/test/docs grep; see code_index.json and graph_edges.tsv	FIX	HIGH	tnnx-test-quality	T01,T11,T21	docs/llm_context/index.md
tests/integration/test_flux_jax_prompt_to_image_smoke.py	tests	Regression, parity, snapshot, or environment gate	import/entry/test/docs grep; see code_index.json and graph_edges.tsv	FIX	HIGH	tnnx-test-quality	T01,T11,T21	docs/llm_context/index.md
tests/integration/test_flux_prompt_to_image_jax_e2e.py	tests	Regression, parity, snapshot, or environment gate	import/entry/test/docs grep; see code_index.json and graph_edges.tsv	FIX	HIGH	tnnx-test-quality	T01,T11,T21	docs/llm_context/index.md
tests/integration/test_flux_pytorch_dummy_flux2_smoke.py	tests	Regression, parity, snapshot, or environment gate	import/entry/test/docs grep; see code_index.json and graph_edges.tsv	FIX	HIGH	tnnx-test-quality	T01,T11,T21	docs/llm_context/index.md
tests/integration/test_flux_pytorch_prompt_to_image_smoke.py	tests	Regression, parity, snapshot, or environment gate	import/entry/test/docs grep; see code_index.json and graph_edges.tsv	FIX	HIGH	tnnx-test-quality	T01,T11,T21	docs/llm_context/index.md
tests/integration/test_flux_reduced_checkpoint_bridge_jax.py	tests	Regression, parity, snapshot, or environment gate	import/entry/test/docs grep; see code_index.json and graph_edges.tsv	FIX	HIGH	tnnx-test-quality	T01,T11,T21	docs/llm_context/index.md
tests/integration/test_flux_text_encoder_checkpoint_runtime.py	tests	Regression, parity, snapshot, or environment gate	import/entry/test/docs grep; see code_index.json and graph_edges.tsv	FIX	HIGH	tnnx-test-quality	T01,T11,T21	docs/llm_context/index.md
tests/integration/test_flux_text_encoder_checkpoint_transpile.py	tests	Regression, parity, snapshot, or environment gate	import/entry/test/docs grep; see code_index.json and graph_edges.tsv	FIX	HIGH	tnnx-test-quality	T01,T11,T21	docs/llm_context/index.md
tests/integration/test_flux_text_encoder_jax_parity.py	tests	Regression, parity, snapshot, or environment gate	import/entry/test/docs grep; see code_index.json and graph_edges.tsv	FIX	HIGH	tnnx-test-quality	T01,T11,T21	docs/llm_context/index.md
tests/integration/test_flux_text_encoder_source.py	tests	Regression, parity, snapshot, or environment gate	import/entry/test/docs grep; see code_index.json and graph_edges.tsv	FIX	HIGH	tnnx-test-quality	T01,T11,T21	docs/llm_context/index.md
tests/integration/test_flux_tiny_config_e2e_jax.py	tests	Regression, parity, snapshot, or environment gate	import/entry/test/docs grep; see code_index.json and graph_edges.tsv	FIX	HIGH	tnnx-test-quality	T01,T11,T21	docs/llm_context/index.md
tests/integration/test_flux_tiny_config_e2e_torch.py	tests	Regression, parity, snapshot, or environment gate	import/entry/test/docs grep; see code_index.json and graph_edges.tsv	FIX	HIGH	tnnx-test-quality	T01,T11,T21	docs/llm_context/index.md
tests/integration/test_flux_transformer_checkpoint_runtime.py	tests	Regression, parity, snapshot, or environment gate	import/entry/test/docs grep; see code_index.json and graph_edges.tsv	FIX	HIGH	tnnx-test-quality	T01,T11,T21	docs/llm_context/index.md
tests/integration/test_flux_transformer_checkpoint_source.py	tests	Regression, parity, snapshot, or environment gate	import/entry/test/docs grep; see code_index.json and graph_edges.tsv	FIX	HIGH	tnnx-test-quality	T01,T11,T21	docs/llm_context/index.md
tests/integration/test_flux_transformer_checkpoint_transpile.py	tests	Regression, parity, snapshot, or environment gate	import/entry/test/docs grep; see code_index.json and graph_edges.tsv	FIX	HIGH	tnnx-test-quality	T01,T11,T21	docs/llm_context/index.md
tests/integration/test_flux_transformer_input_builder.py	tests	Regression, parity, snapshot, or environment gate	import/entry/test/docs grep; see code_index.json and graph_edges.tsv	FIX	HIGH	tnnx-test-quality	T01,T11,T21	docs/llm_context/index.md
tests/integration/test_flux_transformer_jax_parity.py	tests	Regression, parity, snapshot, or environment gate	import/entry/test/docs grep; see code_index.json and graph_edges.tsv	FIX	HIGH	tnnx-test-quality	T01,T11,T21	docs/llm_context/index.md
tests/integration/test_flux_transformer_source.py	tests	Regression, parity, snapshot, or environment gate	import/entry/test/docs grep; see code_index.json and graph_edges.tsv	FIX	HIGH	tnnx-test-quality	T01,T11,T21	docs/llm_context/index.md
tests/integration/test_flux_vae_checkpoint_runtime.py	tests	Regression, parity, snapshot, or environment gate	import/entry/test/docs grep; see code_index.json and graph_edges.tsv	FIX	HIGH	tnnx-test-quality	T01,T11,T21	docs/llm_context/index.md
tests/integration/test_flux_vae_checkpoint_transpile.py	tests	Regression, parity, snapshot, or environment gate	import/entry/test/docs grep; see code_index.json and graph_edges.tsv	FIX	HIGH	tnnx-test-quality	T01,T11,T21	docs/llm_context/index.md
tests/integration/test_flux_vae_decoder_jax_parity.py	tests	Regression, parity, snapshot, or environment gate	import/entry/test/docs grep; see code_index.json and graph_edges.tsv	FIX	HIGH	tnnx-test-quality	T01,T11,T21	docs/llm_context/index.md
tests/integration/test_flux_vae_decoder_source.py	tests	Regression, parity, snapshot, or environment gate	import/entry/test/docs grep; see code_index.json and graph_edges.tsv	FIX	HIGH	tnnx-test-quality	T01,T11,T21	docs/llm_context/index.md
tests/integration/test_gpt2_from_transformers_example_jax.py	tests	Regression, parity, snapshot, or environment gate	import/entry/test/docs grep; see code_index.json and graph_edges.tsv	KEEP	HIGH	tnnx-test-quality	none	docs/llm_context/index.md
tests/integration/test_jax_bfloat16_cast_runtime_parity.py	tests	Regression, parity, snapshot, or environment gate	import/entry/test/docs grep; see code_index.json and graph_edges.tsv	KEEP	HIGH	tnnx-test-quality	none	docs/llm_context/index.md
tests/integration/test_jax_instance_norm_runtime_parity.py	tests	Regression, parity, snapshot, or environment gate	import/entry/test/docs grep; see code_index.json and graph_edges.tsv	KEEP	HIGH	tnnx-test-quality	none	docs/llm_context/index.md
tests/integration/test_jax_parity_conv.py	tests	Regression, parity, snapshot, or environment gate	import/entry/test/docs grep; see code_index.json and graph_edges.tsv	KEEP	HIGH	tnnx-test-quality	none	docs/llm_context/index.md
tests/integration/test_jax_parity_mlp.py	tests	Regression, parity, snapshot, or environment gate	import/entry/test/docs grep; see code_index.json and graph_edges.tsv	KEEP	HIGH	tnnx-test-quality	none	docs/llm_context/index.md
tests/integration/test_jax_reciprocal_squeeze_runtime_parity.py	tests	Regression, parity, snapshot, or environment gate	import/entry/test/docs grep; see code_index.json and graph_edges.tsv	KEEP	HIGH	tnnx-test-quality	none	docs/llm_context/index.md
tests/integration/test_jax_reshape_runtime_parity.py	tests	Regression, parity, snapshot, or environment gate	import/entry/test/docs grep; see code_index.json and graph_edges.tsv	KEEP	HIGH	tnnx-test-quality	none	docs/llm_context/index.md
tests/integration/test_jax_topology_runtime_parity.py	tests	Regression, parity, snapshot, or environment gate	import/entry/test/docs grep; see code_index.json and graph_edges.tsv	KEEP	HIGH	tnnx-test-quality	none	docs/llm_context/index.md
tests/integration/test_mlx_instance_norm_runtime_parity.py	tests	Regression, parity, snapshot, or environment gate	import/entry/test/docs grep; see code_index.json and graph_edges.tsv	KEEP	HIGH	tnnx-test-quality	none	docs/llm_context/index.md
tests/integration/test_mlx_parity_conv.py	tests	Regression, parity, snapshot, or environment gate	import/entry/test/docs grep; see code_index.json and graph_edges.tsv	KEEP	HIGH	tnnx-test-quality	none	docs/llm_context/index.md
tests/integration/test_mlx_parity_mlp.py	tests	Regression, parity, snapshot, or environment gate	import/entry/test/docs grep; see code_index.json and graph_edges.tsv	KEEP	HIGH	tnnx-test-quality	none	docs/llm_context/index.md
tests/integration/test_model_zoo_generated_runtime_parity.py	tests	Regression, parity, snapshot, or environment gate	import/entry/test/docs grep; see code_index.json and graph_edges.tsv	KEEP	HIGH	tnnx-test-quality	none	docs/llm_context/index.md
tests/integration/test_nanogpt_tiny_example_jax.py	tests	Regression, parity, snapshot, or environment gate	import/entry/test/docs grep; see code_index.json and graph_edges.tsv	KEEP	HIGH	tnnx-test-quality	none	docs/llm_context/index.md
tests/integration/test_onnx_to_ir_gather_slice.py	tests	Regression, parity, snapshot, or environment gate	import/entry/test/docs grep; see code_index.json and graph_edges.tsv	KEEP	HIGH	tnnx-test-quality	none	docs/llm_context/index.md
tests/integration/test_onnx_to_ir_layernorm.py	tests	Regression, parity, snapshot, or environment gate	import/entry/test/docs grep; see code_index.json and graph_edges.tsv	KEEP	HIGH	tnnx-test-quality	none	docs/llm_context/index.md
tests/integration/test_onnx_to_ir_mlp.py	tests	Regression, parity, snapshot, or environment gate	import/entry/test/docs grep; see code_index.json and graph_edges.tsv	KEEP	HIGH	tnnx-test-quality	none	docs/llm_context/index.md
tests/integration/test_qwen3_5_example_jax.py	tests	Regression, parity, snapshot, or environment gate	import/entry/test/docs grep; see code_index.json and graph_edges.tsv	KEEP	HIGH	tnnx-test-quality	none	docs/llm_context/index.md
tests/integration/test_qwen3_5_example_mlx.py	tests	Regression, parity, snapshot, or environment gate	import/entry/test/docs grep; see code_index.json and graph_edges.tsv	KEEP	HIGH	tnnx-test-quality	none	docs/llm_context/index.md
tests/integration/test_starter_model_parity.py	tests	Regression, parity, snapshot, or environment gate	import/entry/test/docs grep; see code_index.json and graph_edges.tsv	KEEP	HIGH	tnnx-test-quality	none	docs/llm_context/index.md
tests/integration/test_three_reference_models_transpile.py	tests	Regression, parity, snapshot, or environment gate	import/entry/test/docs grep; see code_index.json and graph_edges.tsv	KEEP	HIGH	tnnx-test-quality	none	docs/llm_context/index.md
tests/integration/test_transpile_extended_ops_contract.py	tests	Regression, parity, snapshot, or environment gate	import/entry/test/docs grep; see code_index.json and graph_edges.tsv	KEEP	HIGH	tnnx-test-quality	none	docs/llm_context/index.md
tests/integration/test_unified_backend_parity.py	tests	Regression, parity, snapshot, or environment gate	import/entry/test/docs grep; see code_index.json and graph_edges.tsv	KEEP	HIGH	tnnx-test-quality	none	docs/llm_context/index.md
tests/integration/test_whisper_audio_real_mlx.py	tests	Regression, parity, snapshot, or environment gate	import/entry/test/docs grep; see code_index.json and graph_edges.tsv	FIX	HIGH	tnnx-test-quality	T02,T21	docs/llm_context/index.md
tests/integration/test_whisper_audio_transpile_source.py	tests	Regression, parity, snapshot, or environment gate	import/entry/test/docs grep; see code_index.json and graph_edges.tsv	FIX	HIGH	tnnx-test-quality	T02,T21	docs/llm_context/index.md
tests/integration/test_whisper_tiny_example_mlx.py	tests	Regression, parity, snapshot, or environment gate	import/entry/test/docs grep; see code_index.json and graph_edges.tsv	FIX	HIGH	tnnx-test-quality	T02,T21	docs/llm_context/index.md
tests/snapshots/__init__.py	tests	Regression, parity, snapshot, or environment gate	import/entry/test/docs grep; see code_index.json and graph_edges.tsv	KEEP	HIGH	tnnx-test-quality	none	docs/llm_context/index.md
tests/snapshots/expected/jax_gather_slice.py	tests	Regression, parity, snapshot, or environment gate	import/entry/test/docs grep; see code_index.json and graph_edges.tsv	GENERATED	HIGH	tnnx-test-quality	none	docs/llm_context/index.md
tests/snapshots/expected/jax_layernorm.py	tests	Regression, parity, snapshot, or environment gate	import/entry/test/docs grep; see code_index.json and graph_edges.tsv	GENERATED	HIGH	tnnx-test-quality	none	docs/llm_context/index.md
tests/snapshots/expected/jax_mlp.py	tests	Regression, parity, snapshot, or environment gate	import/entry/test/docs grep; see code_index.json and graph_edges.tsv	GENERATED	HIGH	tnnx-test-quality	none	docs/llm_context/index.md
tests/snapshots/expected/jax_qwen_fused_decoder_ops.py	tests	Regression, parity, snapshot, or environment gate	import/entry/test/docs grep; see code_index.json and graph_edges.tsv	GENERATED	HIGH	tnnx-test-quality	none	docs/llm_context/index.md
tests/snapshots/expected/jax_qwen_ops.py	tests	Regression, parity, snapshot, or environment gate	import/entry/test/docs grep; see code_index.json and graph_edges.tsv	GENERATED	HIGH	tnnx-test-quality	none	docs/llm_context/index.md
tests/snapshots/expected/mlx_gather_slice.py	tests	Regression, parity, snapshot, or environment gate	import/entry/test/docs grep; see code_index.json and graph_edges.tsv	GENERATED	HIGH	tnnx-test-quality	none	docs/llm_context/index.md
tests/snapshots/expected/mlx_layernorm.py	tests	Regression, parity, snapshot, or environment gate	import/entry/test/docs grep; see code_index.json and graph_edges.tsv	GENERATED	HIGH	tnnx-test-quality	none	docs/llm_context/index.md
tests/snapshots/expected/mlx_mlp.py	tests	Regression, parity, snapshot, or environment gate	import/entry/test/docs grep; see code_index.json and graph_edges.tsv	GENERATED	HIGH	tnnx-test-quality	none	docs/llm_context/index.md
tests/snapshots/expected/mlx_qwen_fused_decoder_ops.py	tests	Regression, parity, snapshot, or environment gate	import/entry/test/docs grep; see code_index.json and graph_edges.tsv	GENERATED	HIGH	tnnx-test-quality	none	docs/llm_context/index.md
tests/snapshots/expected/mlx_qwen_ops.py	tests	Regression, parity, snapshot, or environment gate	import/entry/test/docs grep; see code_index.json and graph_edges.tsv	GENERATED	HIGH	tnnx-test-quality	none	docs/llm_context/index.md
tests/snapshots/snapshot_utils.py	tests	Regression, parity, snapshot, or environment gate	import/entry/test/docs grep; see code_index.json and graph_edges.tsv	KEEP	HIGH	tnnx-test-quality	none	docs/llm_context/index.md
tests/snapshots/test_jax_codegen_gather_slice_snapshot.py	tests	Regression, parity, snapshot, or environment gate	import/entry/test/docs grep; see code_index.json and graph_edges.tsv	KEEP	HIGH	tnnx-test-quality	none	docs/llm_context/index.md
tests/snapshots/test_jax_codegen_layernorm_snapshot.py	tests	Regression, parity, snapshot, or environment gate	import/entry/test/docs grep; see code_index.json and graph_edges.tsv	KEEP	HIGH	tnnx-test-quality	none	docs/llm_context/index.md
tests/snapshots/test_jax_codegen_snapshot.py	tests	Regression, parity, snapshot, or environment gate	import/entry/test/docs grep; see code_index.json and graph_edges.tsv	KEEP	HIGH	tnnx-test-quality	none	docs/llm_context/index.md
tests/snapshots/test_mlx_codegen_gather_slice_snapshot.py	tests	Regression, parity, snapshot, or environment gate	import/entry/test/docs grep; see code_index.json and graph_edges.tsv	KEEP	HIGH	tnnx-test-quality	none	docs/llm_context/index.md
tests/snapshots/test_mlx_codegen_layernorm_snapshot.py	tests	Regression, parity, snapshot, or environment gate	import/entry/test/docs grep; see code_index.json and graph_edges.tsv	KEEP	HIGH	tnnx-test-quality	none	docs/llm_context/index.md
tests/snapshots/test_mlx_codegen_snapshot.py	tests	Regression, parity, snapshot, or environment gate	import/entry/test/docs grep; see code_index.json and graph_edges.tsv	KEEP	HIGH	tnnx-test-quality	none	docs/llm_context/index.md
tests/unit/test_api_manifest.py	tests	Regression, parity, snapshot, or environment gate	import/entry/test/docs grep; see code_index.json and graph_edges.tsv	KEEP	HIGH	tnnx-test-quality	none	docs/llm_context/index.md
tests/unit/test_backend_codegen_extended_ops.py	tests	Regression, parity, snapshot, or environment gate	import/entry/test/docs grep; see code_index.json and graph_edges.tsv	KEEP	HIGH	tnnx-test-quality	none	docs/llm_context/index.md
tests/unit/test_backend_semantic_coverage.py	tests	Regression, parity, snapshot, or environment gate	import/entry/test/docs grep; see code_index.json and graph_edges.tsv	KEEP	HIGH	tnnx-test-quality	none	docs/llm_context/index.md
tests/unit/test_environment_contract.py	tests	Regression, parity, snapshot, or environment gate	import/entry/test/docs grep; see code_index.json and graph_edges.tsv	KEEP	HIGH	tnnx-test-quality	none	docs/llm_context/index.md
tests/unit/test_examples_model_zoo_catalog.py	tests	Regression, parity, snapshot, or environment gate	import/entry/test/docs grep; see code_index.json and graph_edges.tsv	KEEP	HIGH	tnnx-test-quality	none	docs/llm_context/index.md
tests/unit/test_examples_model_zoo_smoke.py	tests	Regression, parity, snapshot, or environment gate	import/entry/test/docs grep; see code_index.json and graph_edges.tsv	KEEP	HIGH	tnnx-test-quality	none	docs/llm_context/index.md
tests/unit/test_flux_checkpoint_asset_inspection.py	tests	Regression, parity, snapshot, or environment gate	import/entry/test/docs grep; see code_index.json and graph_edges.tsv	KEEP	HIGH	tnnx-test-quality	none	docs/llm_context/index.md
tests/unit/test_flux_checkpoint_prepare_report.py	tests	Regression, parity, snapshot, or environment gate	import/entry/test/docs grep; see code_index.json and graph_edges.tsv	KEEP	HIGH	tnnx-test-quality	none	docs/llm_context/index.md
tests/unit/test_flux_fp8_jax_codegen_contract.py	tests	Regression, parity, snapshot, or environment gate	import/entry/test/docs grep; see code_index.json and graph_edges.tsv	KEEP	HIGH	tnnx-test-quality	none	docs/llm_context/index.md
tests/unit/test_flux_prompt_bridge_contract.py	tests	Regression, parity, snapshot, or environment gate	import/entry/test/docs grep; see code_index.json and graph_edges.tsv	KEEP	HIGH	tnnx-test-quality	none	docs/llm_context/index.md
tests/unit/test_flux_prompt_npz_contract.py	tests	Regression, parity, snapshot, or environment gate	import/entry/test/docs grep; see code_index.json and graph_edges.tsv	KEEP	HIGH	tnnx-test-quality	none	docs/llm_context/index.md
tests/unit/test_flux_real_component_loader_contract.py	tests	Regression, parity, snapshot, or environment gate	import/entry/test/docs grep; see code_index.json and graph_edges.tsv	KEEP	HIGH	tnnx-test-quality	none	docs/llm_context/index.md
tests/unit/test_flux_runtime_env_contract.py	tests	Regression, parity, snapshot, or environment gate	import/entry/test/docs grep; see code_index.json and graph_edges.tsv	KEEP	HIGH	tnnx-test-quality	none	docs/llm_context/index.md
tests/unit/test_flux_submodule_inventory.py	tests	Regression, parity, snapshot, or environment gate	import/entry/test/docs grep; see code_index.json and graph_edges.tsv	KEEP	HIGH	tnnx-test-quality	none	docs/llm_context/index.md
tests/unit/test_flux_token_ids_npz_contract.py	tests	Regression, parity, snapshot, or environment gate	import/entry/test/docs grep; see code_index.json and graph_edges.tsv	KEEP	HIGH	tnnx-test-quality	none	docs/llm_context/index.md
tests/unit/test_initializer_extraction.py	tests	Regression, parity, snapshot, or environment gate	import/entry/test/docs grep; see code_index.json and graph_edges.tsv	KEEP	HIGH	tnnx-test-quality	none	docs/llm_context/index.md
tests/unit/test_ir_roundtrip.py	tests	Regression, parity, snapshot, or environment gate	import/entry/test/docs grep; see code_index.json and graph_edges.tsv	KEEP	HIGH	tnnx-test-quality	none	docs/llm_context/index.md
tests/unit/test_ir_validation.py	tests	Regression, parity, snapshot, or environment gate	import/entry/test/docs grep; see code_index.json and graph_edges.tsv	KEEP	HIGH	tnnx-test-quality	none	docs/llm_context/index.md
tests/unit/test_jax_codegen_bfloat16.py	tests	Regression, parity, snapshot, or environment gate	import/entry/test/docs grep; see code_index.json and graph_edges.tsv	KEEP	HIGH	tnnx-test-quality	none	docs/llm_context/index.md
tests/unit/test_jax_codegen_instance_norm.py	tests	Regression, parity, snapshot, or environment gate	import/entry/test/docs grep; see code_index.json and graph_edges.tsv	KEEP	HIGH	tnnx-test-quality	none	docs/llm_context/index.md
tests/unit/test_jax_codegen_reciprocal_squeeze.py	tests	Regression, parity, snapshot, or environment gate	import/entry/test/docs grep; see code_index.json and graph_edges.tsv	KEEP	HIGH	tnnx-test-quality	none	docs/llm_context/index.md
tests/unit/test_jax_codegen_reshape_contract.py	tests	Regression, parity, snapshot, or environment gate	import/entry/test/docs grep; see code_index.json and graph_edges.tsv	KEEP	HIGH	tnnx-test-quality	none	docs/llm_context/index.md
tests/unit/test_jax_codegen_topology_contract.py	tests	Regression, parity, snapshot, or environment gate	import/entry/test/docs grep; see code_index.json and graph_edges.tsv	KEEP	HIGH	tnnx-test-quality	none	docs/llm_context/index.md
tests/unit/test_loc_budget.py	tests	Regression, parity, snapshot, or environment gate	import/entry/test/docs grep; see code_index.json and graph_edges.tsv	KEEP	HIGH	tnnx-test-quality	none	docs/llm_context/index.md
tests/unit/test_mlx_codegen_instance_norm.py	tests	Regression, parity, snapshot, or environment gate	import/entry/test/docs grep; see code_index.json and graph_edges.tsv	KEEP	HIGH	tnnx-test-quality	none	docs/llm_context/index.md
tests/unit/test_mlx_conv_padding_validation.py	tests	Regression, parity, snapshot, or environment gate	import/entry/test/docs grep; see code_index.json and graph_edges.tsv	KEEP	HIGH	tnnx-test-quality	none	docs/llm_context/index.md
tests/unit/test_name_stability.py	tests	Regression, parity, snapshot, or environment gate	import/entry/test/docs grep; see code_index.json and graph_edges.tsv	KEEP	HIGH	tnnx-test-quality	none	docs/llm_context/index.md
tests/unit/test_onnx_dtype_mapping.py	tests	Regression, parity, snapshot, or environment gate	import/entry/test/docs grep; see code_index.json and graph_edges.tsv	KEEP	HIGH	tnnx-test-quality	none	docs/llm_context/index.md
tests/unit/test_op_mapping.py	tests	Regression, parity, snapshot, or environment gate	import/entry/test/docs grep; see code_index.json and graph_edges.tsv	KEEP	HIGH	tnnx-test-quality	none	docs/llm_context/index.md
tests/unit/test_shape_prop.py	tests	Regression, parity, snapshot, or environment gate	import/entry/test/docs grep; see code_index.json and graph_edges.tsv	KEEP	HIGH	tnnx-test-quality	none	docs/llm_context/index.md
tests/unit/test_topological_emit_order.py	tests	Regression, parity, snapshot, or environment gate	import/entry/test/docs grep; see code_index.json and graph_edges.tsv	KEEP	HIGH	tnnx-test-quality	none	docs/llm_context/index.md
tests/unit/test_unsupported_op_error.py	tests	Regression, parity, snapshot, or environment gate	import/entry/test/docs grep; see code_index.json and graph_edges.tsv	KEEP	HIGH	tnnx-test-quality	none	docs/llm_context/index.md
tests/unit/test_weight_loader_contract.py	tests	Regression, parity, snapshot, or environment gate	import/entry/test/docs grep; see code_index.json and graph_edges.tsv	KEEP	HIGH	tnnx-test-quality	none	docs/llm_context/index.md
uv.lock	repo-config	Repository configuration/process file	import/entry/test/docs grep; see code_index.json and graph_edges.tsv	KEEP	HIGH	tnnx-test-quality	none	docs/llm_context/index.md
